# Blender 5.1.2
# www.blender.org
mtllib macan.mtl
o Платформа
v -0.000000 -0.037158 -1.445850
v 0.347931 -0.037158 -1.418317
v 0.682491 -0.037158 -1.336775
v 0.990824 -0.037158 -1.204359
v 1.261080 -0.037158 -1.026157
v 1.482873 -0.037158 -0.809017
v 1.647680 -0.037158 -0.561283
v 1.749168 -0.037158 -0.292476
v 1.783436 -0.037158 -0.012927
v 1.749168 -0.037158 0.266623
v 1.647680 -0.037158 0.535429
v 1.482873 -0.037158 0.783163
v 1.261080 -0.037158 1.000303
v 0.990824 -0.037158 1.178506
v 0.682491 -0.037158 1.310922
v 0.347931 -0.037158 1.392463
v -0.000000 -0.037158 1.419997
v -0.347931 -0.037158 1.392463
v -0.682491 -0.037158 1.310922
v -0.990824 -0.037158 1.178506
v -1.261080 -0.037158 1.000303
v -1.482873 -0.037158 0.783163
v -1.647680 -0.037158 0.535429
v -1.749168 -0.037158 0.266623
v -1.783436 -0.037158 -0.012927
v -1.749168 -0.037158 -0.292476
v -1.647680 -0.037158 -0.561283
v -1.482873 -0.037158 -0.809017
v -1.261080 -0.037158 -1.026157
v -0.990824 -0.037158 -1.204359
v -0.682491 -0.037158 -1.336775
v -0.347931 -0.037158 -1.418317
v -0.000000 0.950045 -1.144661
v -0.000000 0.363166 -1.445850
v 0.274799 0.950045 -1.122915
v 0.347931 0.363166 -1.418317
v 0.539038 0.950045 -1.058513
v 0.682491 0.363166 -1.336775
v 0.782561 0.950045 -0.953930
v 0.990824 0.363166 -1.204359
v 0.996011 0.950045 -0.813184
v 1.261080 0.363166 -1.026157
v 1.171185 0.950045 -0.641685
v 1.482873 0.363166 -0.809017
v 1.301351 0.950045 -0.446023
v 1.647680 0.363166 -0.561283
v 1.381507 0.950045 -0.233717
v 1.749168 0.363166 -0.292476
v 1.408572 0.950045 -0.012927
v 1.783436 0.363166 -0.012927
v 1.381507 0.950045 0.207863
v 1.749168 0.363166 0.266623
v 1.301351 0.950045 0.420169
v 1.647680 0.363166 0.535429
v 1.171185 0.950045 0.615831
v 1.482873 0.363166 0.783163
v 0.996011 0.950045 0.787330
v 1.261080 0.363166 1.000303
v 0.782561 0.950045 0.928076
v 0.990824 0.363166 1.178506
v 0.539038 0.950045 1.032659
v 0.682491 0.363166 1.310922
v 0.274799 0.950045 1.097062
v 0.347931 0.363166 1.392463
v -0.000000 0.950045 1.118808
v -0.000000 0.363166 1.419997
v -0.274798 0.950045 1.097062
v -0.347931 0.363166 1.392463
v -0.539038 0.950045 1.032659
v -0.682491 0.363166 1.310922
v -0.782561 0.950045 0.928076
v -0.990824 0.363166 1.178506
v -0.996011 0.950045 0.787330
v -1.261080 0.363166 1.000303
v -1.171185 0.950045 0.615831
v -1.482873 0.363166 0.783163
v -1.301351 0.950045 0.420169
v -1.647680 0.363166 0.535429
v -1.381507 0.950045 0.207863
v -1.749168 0.363166 0.266623
v -1.408572 0.950045 -0.012927
v -1.783436 0.363166 -0.012927
v -1.381507 0.950045 -0.233717
v -1.749168 0.363166 -0.292476
v -1.301351 0.950045 -0.446023
v -1.647680 0.363166 -0.561283
v -1.171185 0.950045 -0.641685
v -1.482873 0.363166 -0.809017
v -0.996011 0.950045 -0.813184
v -1.261080 0.363166 -1.026157
v -0.782561 0.950045 -0.953930
v -0.990824 0.363166 -1.204359
v -0.539037 0.950045 -1.058513
v -0.682491 0.363166 -1.336775
v -0.274798 0.950045 -1.122916
v -0.347931 0.363166 -1.418317
vn -0.0000 -1.0000 -0.0000
vn 0.0702 0.4555 -0.8875
vn 0.2102 0.4603 -0.8625
vn 0.3484 0.4698 -0.8112
vn 0.4820 0.4830 -0.7310
vn 0.6064 0.4987 -0.6194
vn 0.7139 0.5146 -0.4749
vn 0.7946 0.5278 -0.3000
vn 0.8383 0.5355 -0.1028
vn 0.8383 0.5355 0.1028
vn 0.7946 0.5278 0.3000
vn 0.7139 0.5146 0.4749
vn 0.6064 0.4987 0.6194
vn 0.4820 0.4830 0.7310
vn 0.3484 0.4698 0.8112
vn 0.2102 0.4603 0.8625
vn 0.0702 0.4555 0.8875
vn -0.0702 0.4555 0.8875
vn -0.2102 0.4603 0.8625
vn -0.3484 0.4698 0.8112
vn -0.4820 0.4830 0.7310
vn -0.6064 0.4987 0.6194
vn -0.7139 0.5146 0.4749
vn -0.7946 0.5278 0.3000
vn -0.8383 0.5355 0.1028
vn -0.8383 0.5355 -0.1028
vn -0.7946 0.5278 -0.3000
vn -0.7139 0.5146 -0.4749
vn -0.6064 0.4987 -0.6194
vn -0.4820 0.4830 -0.7310
vn -0.3484 0.4698 -0.8112
vn -0.2102 0.4603 -0.8625
vn -0.0702 0.4555 -0.8875
vn -0.0000 1.0000 -0.0000
vn 0.0789 -0.0000 -0.9969
vn -0.0789 -0.0000 -0.9969
vn 0.2368 -0.0000 -0.9716
vn 0.3946 -0.0000 -0.9188
vn 0.5505 -0.0000 -0.8348
vn 0.6996 -0.0000 -0.7146
vn 0.8326 -0.0000 -0.5539
vn 0.9355 -0.0000 -0.3532
vn 0.9926 -0.0000 -0.1217
vn 0.9926 -0.0000 0.1217
vn 0.9355 -0.0000 0.3532
vn 0.8326 -0.0000 0.5539
vn 0.6996 -0.0000 0.7146
vn 0.5505 -0.0000 0.8348
vn 0.3946 -0.0000 0.9188
vn 0.2368 -0.0000 0.9716
vn 0.0789 -0.0000 0.9969
vn -0.0789 -0.0000 0.9969
vn -0.2368 -0.0000 0.9716
vn -0.3946 -0.0000 0.9188
vn -0.5505 -0.0000 0.8348
vn -0.6996 -0.0000 0.7146
vn -0.8326 -0.0000 0.5539
vn -0.9355 -0.0000 0.3532
vn -0.9926 -0.0000 0.1217
vn -0.9926 -0.0000 -0.1217
vn -0.9355 -0.0000 -0.3532
vn -0.8326 -0.0000 -0.5539
vn -0.6996 -0.0000 -0.7146
vn -0.5505 -0.0000 -0.8348
vn -0.3946 -0.0000 -0.9188
vn -0.2368 -0.0000 -0.9716
vt 0.750000 0.490000
vt 0.796822 0.485388
vt 0.841844 0.471731
vt 0.883337 0.449553
vt 0.919706 0.419706
vt 0.949553 0.383337
vt 0.971731 0.341844
vt 0.985388 0.296822
vt 0.990000 0.250000
vt 0.985388 0.203178
vt 0.971731 0.158156
vt 0.949553 0.116663
vt 0.919706 0.080294
vt 0.883337 0.050447
vt 0.841844 0.028269
vt 0.796822 0.014612
vt 0.750000 0.010000
vt 0.703178 0.014612
vt 0.658156 0.028269
vt 0.616663 0.050447
vt 0.580294 0.080294
vt 0.550447 0.116663
vt 0.528269 0.158156
vt 0.514612 0.203178
vt 0.510000 0.250000
vt 0.514612 0.296822
vt 0.528269 0.341844
vt 0.550447 0.383337
vt 0.580294 0.419706
vt 0.616663 0.449553
vt 0.658156 0.471731
vt 0.703178 0.485388
vt 0.296822 0.485388
vt 0.250000 0.490000
vt 0.250000 0.390192
vt 0.277350 0.387498
vt 0.341844 0.471731
vt 0.303649 0.379521
vt 0.383337 0.449553
vt 0.327886 0.366565
vt 0.419706 0.419706
vt 0.349131 0.349131
vt 0.449553 0.383337
vt 0.366565 0.327886
vt 0.471731 0.341844
vt 0.379520 0.303649
vt 0.485388 0.296822
vt 0.387498 0.277350
vt 0.490000 0.250000
vt 0.390192 0.250000
vt 0.485388 0.203178
vt 0.387498 0.222650
vt 0.471731 0.158156
vt 0.379520 0.196351
vt 0.449553 0.116663
vt 0.366565 0.172114
vt 0.419706 0.080294
vt 0.349131 0.150869
vt 0.383337 0.050447
vt 0.327886 0.133435
vt 0.341844 0.028269
vt 0.303649 0.120480
vt 0.296822 0.014612
vt 0.277350 0.112502
vt 0.250000 0.010000
vt 0.250000 0.109808
vt 0.203178 0.014612
vt 0.222650 0.112502
vt 0.158156 0.028269
vt 0.196351 0.120480
vt 0.116663 0.050447
vt 0.172114 0.133435
vt 0.080294 0.080294
vt 0.150869 0.150869
vt 0.050447 0.116663
vt 0.133435 0.172114
vt 0.028269 0.158156
vt 0.120480 0.196351
vt 0.014612 0.203178
vt 0.112502 0.222650
vt 0.010000 0.250000
vt 0.109808 0.250000
vt 0.014612 0.296822
vt 0.112502 0.277350
vt 0.028269 0.341844
vt 0.120480 0.303649
vt 0.050447 0.383337
vt 0.133435 0.327886
vt 0.080294 0.419706
vt 0.150869 0.349131
vt 0.116663 0.449553
vt 0.172114 0.366565
vt 0.158156 0.471731
vt 0.196351 0.379520
vt 0.203178 0.485388
vt 0.222650 0.387498
vt 1.000000 0.500000
vt 1.000000 0.502869
vt 0.968750 0.502869
vt 0.968750 0.500000
vt 0.031250 0.500000
vt 0.031250 0.502869
vt 0.000000 0.502869
vt 0.000000 0.500000
vt 0.937500 0.502869
vt 0.937500 0.500000
vt 0.906250 0.502869
vt 0.906250 0.500000
vt 0.875000 0.502869
vt 0.875000 0.500000
vt 0.843750 0.502869
vt 0.843750 0.500000
vt 0.812500 0.502869
vt 0.812500 0.500000
vt 0.781250 0.502869
vt 0.781250 0.500000
vt 0.750000 0.502869
vt 0.750000 0.500000
vt 0.718750 0.502869
vt 0.718750 0.500000
vt 0.687500 0.502869
vt 0.687500 0.500000
vt 0.656250 0.502869
vt 0.656250 0.500000
vt 0.625000 0.502869
vt 0.625000 0.500000
vt 0.593750 0.502869
vt 0.593750 0.500000
vt 0.562500 0.502869
vt 0.562500 0.500000
vt 0.531250 0.502869
vt 0.531250 0.500000
vt 0.500000 0.502869
vt 0.500000 0.500000
vt 0.468750 0.502869
vt 0.468750 0.500000
vt 0.437500 0.502869
vt 0.437500 0.500000
vt 0.406250 0.502869
vt 0.406250 0.500000
vt 0.375000 0.502869
vt 0.375000 0.500000
vt 0.343750 0.502869
vt 0.343750 0.500000
vt 0.312500 0.502869
vt 0.312500 0.500000
vt 0.281250 0.502869
vt 0.281250 0.500000
vt 0.250000 0.502869
vt 0.250000 0.500000
vt 0.218750 0.502869
vt 0.218750 0.500000
vt 0.187500 0.502869
vt 0.187500 0.500000
vt 0.156250 0.502869
vt 0.156250 0.500000
vt 0.125000 0.502869
vt 0.125000 0.500000
vt 0.093750 0.502869
vt 0.093750 0.500000
vt 0.062500 0.502869
vt 0.062500 0.500000
s 0
f 1/1/1 2/2/1 3/3/1 4/4/1 5/5/1 6/6/1 7/7/1 8/8/1 9/9/1 10/10/1 11/11/1 12/12/1 13/13/1 14/14/1 15/15/1 16/16/1 17/17/1 18/18/1 19/19/1 20/20/1 21/21/1 22/22/1 23/23/1 24/24/1 25/25/1 26/26/1 27/27/1 28/28/1 29/29/1 30/30/1 31/31/1 32/32/1
f 36/33/2 34/34/2 33/35/2 35/36/2
f 38/37/3 36/33/3 35/36/3 37/38/3
f 40/39/4 38/37/4 37/38/4 39/40/4
f 42/41/5 40/39/5 39/40/5 41/42/5
f 44/43/6 42/41/6 41/42/6 43/44/6
f 46/45/7 44/43/7 43/44/7 45/46/7
f 48/47/8 46/45/8 45/46/8 47/48/8
f 50/49/9 48/47/9 47/48/9 49/50/9
f 52/51/10 50/49/10 49/50/10 51/52/10
f 54/53/11 52/51/11 51/52/11 53/54/11
f 56/55/12 54/53/12 53/54/12 55/56/12
f 58/57/13 56/55/13 55/56/13 57/58/13
f 60/59/14 58/57/14 57/58/14 59/60/14
f 62/61/15 60/59/15 59/60/15 61/62/15
f 64/63/16 62/61/16 61/62/16 63/64/16
f 66/65/17 64/63/17 63/64/17 65/66/17
f 68/67/18 66/65/18 65/66/18 67/68/18
f 70/69/19 68/67/19 67/68/19 69/70/19
f 72/71/20 70/69/20 69/70/20 71/72/20
f 74/73/21 72/71/21 71/72/21 73/74/21
f 76/75/22 74/73/22 73/74/22 75/76/22
f 78/77/23 76/75/23 75/76/23 77/78/23
f 80/79/24 78/77/24 77/78/24 79/80/24
f 82/81/25 80/79/25 79/80/25 81/82/25
f 84/83/26 82/81/26 81/82/26 83/84/26
f 86/85/27 84/83/27 83/84/27 85/86/27
f 88/87/28 86/85/28 85/86/28 87/88/28
f 90/89/29 88/87/29 87/88/29 89/90/29
f 92/91/30 90/89/30 89/90/30 91/92/30
f 94/93/31 92/91/31 91/92/31 93/94/31
f 96/95/32 94/93/32 93/94/32 95/96/32
f 34/34/33 96/95/33 95/96/33 33/35/33
f 35/36/34 33/35/34 95/96/34 93/94/34 91/92/34 89/90/34 87/88/34 85/86/34 83/84/34 81/82/34 79/80/34 77/78/34 75/76/34 73/74/34 71/72/34 69/70/34 67/68/34 65/66/34 63/64/34 61/62/34 59/60/34 57/58/34 55/56/34 53/54/34 51/52/34 49/50/34 47/48/34 45/46/34 43/44/34 41/42/34 39/40/34 37/38/34
f 1/97/35 34/98/35 36/99/35 2/100/35
f 32/101/36 96/102/36 34/103/36 1/104/36
f 2/100/37 36/99/37 38/105/37 3/106/37
f 3/106/38 38/105/38 40/107/38 4/108/38
f 4/108/39 40/107/39 42/109/39 5/110/39
f 5/110/40 42/109/40 44/111/40 6/112/40
f 6/112/41 44/111/41 46/113/41 7/114/41
f 7/114/42 46/113/42 48/115/42 8/116/42
f 8/116/43 48/115/43 50/117/43 9/118/43
f 9/118/44 50/117/44 52/119/44 10/120/44
f 10/120/45 52/119/45 54/121/45 11/122/45
f 11/122/46 54/121/46 56/123/46 12/124/46
f 12/124/47 56/123/47 58/125/47 13/126/47
f 13/126/48 58/125/48 60/127/48 14/128/48
f 14/128/49 60/127/49 62/129/49 15/130/49
f 15/130/50 62/129/50 64/131/50 16/132/50
f 16/132/51 64/131/51 66/133/51 17/134/51
f 17/134/52 66/133/52 68/135/52 18/136/52
f 18/136/53 68/135/53 70/137/53 19/138/53
f 19/138/54 70/137/54 72/139/54 20/140/54
f 20/140/55 72/139/55 74/141/55 21/142/55
f 21/142/56 74/141/56 76/143/56 22/144/56
f 22/144/57 76/143/57 78/145/57 23/146/57
f 23/146/58 78/145/58 80/147/58 24/148/58
f 24/148/59 80/147/59 82/149/59 25/150/59
f 25/150/60 82/149/60 84/151/60 26/152/60
f 26/152/61 84/151/61 86/153/61 27/154/61
f 27/154/62 86/153/62 88/155/62 28/156/62
f 28/156/63 88/155/63 90/157/63 29/158/63
f 29/158/64 90/157/64 92/159/64 30/160/64
f 30/160/65 92/159/65 94/161/65 31/162/65
f 31/162/66 94/161/66 96/102/66 32/101/66
o Поворотная_колонна
v 0.000000 1.743101 0.901625
v 0.000000 -0.006937 0.901625
v 0.182445 1.743101 0.883655
v 0.182445 -0.006937 0.883655
v 0.357880 1.743101 0.830438
v 0.357880 -0.006937 0.830438
v 0.519561 1.743101 0.744018
v 0.519561 -0.006937 0.744018
v 0.661275 1.743101 0.627716
v 0.661275 -0.006937 0.627716
v 0.777577 1.743101 0.486001
v 0.777577 -0.006937 0.486001
v 0.863998 1.743101 0.324320
v 0.863998 -0.006937 0.324320
v 0.917215 1.743101 0.148886
v 0.917215 -0.006937 0.148886
v 0.935184 1.743101 -0.033560
v 0.935184 -0.006937 -0.033560
v 0.917215 1.743101 -0.216005
v 0.917215 -0.006937 -0.216005
v 0.863998 1.743101 -0.391439
v 0.863998 -0.006937 -0.391439
v 0.777577 1.743101 -0.553120
v 0.777577 -0.006937 -0.553120
v 0.661275 1.743101 -0.694835
v 0.661275 -0.006937 -0.694835
v 0.519561 1.743101 -0.811137
v 0.519561 -0.006937 -0.811137
v 0.357880 1.743101 -0.897557
v 0.357880 -0.006937 -0.897557
v 0.182445 1.743101 -0.950775
v 0.182445 -0.006937 -0.950775
v 0.000000 1.743101 -0.968744
v 0.000000 -0.006937 -0.968744
v -0.182445 1.743101 -0.950775
v -0.182445 -0.006937 -0.950775
v -0.357880 1.743101 -0.897557
v -0.357880 -0.006937 -0.897557
v -0.519560 1.743101 -0.811137
v -0.519560 -0.006937 -0.811137
v -0.661275 1.743101 -0.694835
v -0.661275 -0.006937 -0.694835
v -0.777577 1.743101 -0.553120
v -0.777577 -0.006937 -0.553120
v -0.863998 1.743101 -0.391439
v -0.863998 -0.006937 -0.391439
v -0.917215 1.743101 -0.216005
v -0.917215 -0.006937 -0.216005
v -0.935184 1.743101 -0.033560
v -0.935184 -0.006937 -0.033560
v -0.917215 1.743101 0.148886
v -0.917215 -0.006937 0.148886
v -0.863998 1.743101 0.324320
v -0.863998 -0.006937 0.324320
v -0.777577 1.743101 0.486001
v -0.777577 -0.006937 0.486001
v -0.661275 1.743101 0.627716
v -0.661275 -0.006937 0.627716
v -0.519560 1.743101 0.744018
v -0.519560 -0.006937 0.744018
v -0.357880 1.743101 0.830438
v -0.357880 -0.006937 0.830438
v -0.182445 1.743101 0.883655
v -0.182445 -0.006937 0.883655
v -0.693166 3.126244 -2.300150
v -1.530561 2.837555 -1.035309
v -0.901451 1.763655 -1.626231
v 0.417524 1.762546 -1.628356
v 0.417524 1.762546 -1.628356
v 0.246579 3.137737 -2.394565
v 0.417524 1.762546 -1.628356
v 1.507668 1.893873 0.376728
v 1.507668 1.893873 -0.455159
v 1.507668 1.893873 0.376728
v 1.507668 1.893873 -0.455159
v 1.507668 1.893873 0.854327
v 1.507668 1.893873 -0.455159
v 1.100502 1.435301 -0.911528
v 0.417524 1.878402 1.636303
v 1.100502 1.403456 1.092710
v 0.417524 2.853026 2.147112
v 0.417524 2.981641 -0.374824
v 0.417524 3.047097 1.232596
v -0.901452 2.981641 -0.374824
v -1.242600 2.977086 0.614995
v -0.901451 3.047097 1.232596
v -0.901451 2.853026 2.147112
v -1.530561 2.837555 0.559281
v -0.901451 1.878402 1.636303
v -1.530561 1.893873 0.854327
v -1.121097 1.403456 1.092710
v -0.011447 1.434279 1.463096
v -1.470229 1.408933 0.100670
v -1.121097 1.435301 -0.911528
v -1.530561 1.893873 -0.453524
v -0.011447 1.587467 -1.541173
v 1.449635 1.408933 0.100670
v 0.417524 1.820474 -0.285698
v 0.962596 2.612456 -0.414992
vn -0.0980 -0.0000 -0.9952
vn -0.2903 -0.0000 -0.9569
vn -0.4714 -0.0000 -0.8819
vn -0.6344 -0.0000 -0.7730
vn -0.7730 -0.0000 -0.6344
vn -0.8819 -0.0000 -0.4714
vn -0.9569 -0.0000 -0.2903
vn -0.9952 -0.0000 -0.0980
vn -0.9952 -0.0000 0.0980
vn -0.9569 -0.0000 0.2903
vn -0.8819 -0.0000 0.4714
vn -0.7730 -0.0000 0.6344
vn -0.6344 -0.0000 0.7730
vn -0.4714 -0.0000 0.8819
vn -0.2903 -0.0000 0.9569
vn -0.0980 -0.0000 0.9952
vn 0.0980 -0.0000 0.9952
vn 0.2903 -0.0000 0.9569
vn 0.4714 -0.0000 0.8819
vn 0.6344 -0.0000 0.7730
vn 0.7730 -0.0000 0.6344
vn 0.8819 -0.0000 0.4714
vn 0.9569 -0.0000 0.2903
vn 0.9952 -0.0000 0.0980
vn 0.9952 -0.0000 -0.0980
vn 0.9569 -0.0000 -0.2903
vn 0.8819 -0.0000 -0.4714
vn 0.7730 -0.0000 -0.6344
vn 0.6344 -0.0000 -0.7730
vn 0.4714 -0.0000 -0.8819
vn -0.0000 1.0000 -0.0000
vn 0.2903 -0.0000 -0.9569
vn 0.0980 -0.0000 -0.9952
vn -0.0000 -1.0000 -0.0000
vn -0.8328 -0.2048 -0.5143
vn -0.0357 -0.4649 -0.8847
vn 0.9995 0.0229 -0.0223
vn -0.0559 0.9981 -0.0253
vn 1.0000 -0.0000 -0.0000
vn 0.7305 0.0303 -0.6822
vn -0.0000 0.9992 -0.0407
vn -0.2687 0.9632 0.0053
vn -0.1303 0.9907 -0.0403
vn -0.4751 0.8622 0.1756
vn -0.0000 0.9782 0.2076
vn -0.8820 -0.0527 0.4683
vn -0.0000 -0.4642 0.8857
vn -0.7384 -0.3310 0.5875
vn -0.0000 -0.5640 0.8258
vn -0.9248 -0.3804 -0.0011
vn -0.0000 -0.9994 -0.0346
vn -0.8442 -0.3391 -0.4152
vn -0.0011 -0.8100 -0.5864
vn -1.0000 -0.0000 -0.0000
vn 0.9263 -0.3768 -0.0011
vn 0.5814 -0.0896 0.8087
vn -0.0019 0.9971 0.0760
vn 0.1386 0.0659 0.9882
vn 0.6889 0.7239 0.0369
vn 0.8286 0.4823 0.2842
vt 1.000000 0.500000
vt 1.000000 1.000000
vt 0.968750 1.000000
vt 0.968750 0.500000
vt 0.937500 1.000000
vt 0.937500 0.500000
vt 0.906250 1.000000
vt 0.906250 0.500000
vt 0.875000 1.000000
vt 0.875000 0.500000
vt 0.843750 1.000000
vt 0.843750 0.500000
vt 0.812500 1.000000
vt 0.812500 0.500000
vt 0.781250 1.000000
vt 0.781250 0.500000
vt 0.750000 1.000000
vt 0.750000 0.500000
vt 0.718750 1.000000
vt 0.718750 0.500000
vt 0.687500 1.000000
vt 0.687500 0.500000
vt 0.656250 1.000000
vt 0.656250 0.500000
vt 0.625000 1.000000
vt 0.625000 0.500000
vt 0.593750 1.000000
vt 0.593750 0.500000
vt 0.562500 1.000000
vt 0.562500 0.500000
vt 0.531250 1.000000
vt 0.531250 0.500000
vt 0.500000 1.000000
vt 0.500000 0.500000
vt 0.468750 1.000000
vt 0.468750 0.500000
vt 0.437500 1.000000
vt 0.437500 0.500000
vt 0.406250 1.000000
vt 0.406250 0.500000
vt 0.375000 1.000000
vt 0.375000 0.500000
vt 0.343750 1.000000
vt 0.343750 0.500000
vt 0.312500 1.000000
vt 0.312500 0.500000
vt 0.281250 1.000000
vt 0.281250 0.500000
vt 0.250000 1.000000
vt 0.250000 0.500000
vt 0.218750 1.000000
vt 0.218750 0.500000
vt 0.187500 1.000000
vt 0.187500 0.500000
vt 0.156250 1.000000
vt 0.156250 0.500000
vt 0.125000 1.000000
vt 0.125000 0.500000
vt 0.093750 1.000000
vt 0.093750 0.500000
vt 0.062500 1.000000
vt 0.062500 0.500000
vt 0.296822 0.485388
vt 0.250000 0.490000
vt 0.203178 0.485388
vt 0.158156 0.471731
vt 0.116663 0.449553
vt 0.080294 0.419706
vt 0.050447 0.383337
vt 0.028269 0.341844
vt 0.014612 0.296822
vt 0.010000 0.250000
vt 0.014612 0.203178
vt 0.028269 0.158156
vt 0.050447 0.116663
vt 0.080294 0.080294
vt 0.116663 0.050447
vt 0.158156 0.028269
vt 0.203178 0.014612
vt 0.250000 0.010000
vt 0.296822 0.014612
vt 0.341844 0.028269
vt 0.383337 0.050447
vt 0.419706 0.080294
vt 0.449553 0.116663
vt 0.471731 0.158156
vt 0.485388 0.203178
vt 0.490000 0.250000
vt 0.485388 0.296822
vt 0.471731 0.341844
vt 0.449553 0.383337
vt 0.419706 0.419706
vt 0.383337 0.449553
vt 0.341844 0.471731
vt 0.031250 1.000000
vt 0.031250 0.500000
vt 0.000000 1.000000
vt 0.000000 0.500000
vt 0.750000 0.490000
vt 0.796822 0.485388
vt 0.841844 0.471731
vt 0.883337 0.449553
vt 0.919706 0.419706
vt 0.949553 0.383337
vt 0.971731 0.341844
vt 0.985388 0.296822
vt 0.990000 0.250000
vt 0.985388 0.203178
vt 0.971731 0.158156
vt 0.949553 0.116663
vt 0.919706 0.080294
vt 0.883337 0.050447
vt 0.841844 0.028269
vt 0.796822 0.014612
vt 0.750000 0.010000
vt 0.703178 0.014612
vt 0.658156 0.028269
vt 0.616663 0.050447
vt 0.580294 0.080294
vt 0.550447 0.116663
vt 0.528269 0.158156
vt 0.514612 0.203178
vt 0.510000 0.250000
vt 0.514612 0.296822
vt 0.528269 0.341844
vt 0.550447 0.383337
vt 0.580294 0.419706
vt 0.616663 0.449553
vt 0.658156 0.471731
vt 0.703178 0.485388
vt 0.448936 0.000000
vt 0.551178 0.000000
vt 0.540019 0.076408
vt 0.459981 0.092838
vt 0.448878 0.839702
vt 0.551122 0.839702
vt 0.000000 0.000000
vt 0.453773 0.625000
vt 0.458669 0.410298
vt 0.541332 0.410298
vt 0.578864 0.444534
vt 0.664380 0.577357
vt 0.449486 0.680418
vt 0.229334 0.205149
vt 0.456262 0.566202
vt 0.375000 0.750000
vt 0.625000 0.187310
vt 0.566653 0.282753
vt 0.562467 0.194412
vt 0.540019 0.177407
vt 0.541332 0.317277
vt 0.458668 0.317277
vt 0.459981 0.161664
vt 0.375000 0.250000
vt 0.375000 0.375000
vt 0.375000 0.125000
vt 0.375000 0.000000
vt 0.375000 0.625000
vt 0.375000 0.875000
vt 0.448901 0.910298
s 0
f 97/163/67 99/166/67 100/165/67 98/164/67
f 99/166/68 101/168/68 102/167/68 100/165/68
f 101/168/69 103/170/69 104/169/69 102/167/69
f 103/170/70 105/172/70 106/171/70 104/169/70
f 105/172/71 107/174/71 108/173/71 106/171/71
f 107/174/72 109/176/72 110/175/72 108/173/72
f 109/176/73 111/178/73 112/177/73 110/175/73
f 111/178/74 113/180/74 114/179/74 112/177/74
f 113/180/75 115/182/75 116/181/75 114/179/75
f 115/182/76 117/184/76 118/183/76 116/181/76
f 117/184/77 119/186/77 120/185/77 118/183/77
f 119/186/78 121/188/78 122/187/78 120/185/78
f 121/188/79 123/190/79 124/189/79 122/187/79
f 123/190/80 125/192/80 126/191/80 124/189/80
f 125/192/81 127/194/81 128/193/81 126/191/81
f 127/194/82 129/196/82 130/195/82 128/193/82
f 129/196/83 131/198/83 132/197/83 130/195/83
f 131/198/84 133/200/84 134/199/84 132/197/84
f 133/200/85 135/202/85 136/201/85 134/199/85
f 135/202/86 137/204/86 138/203/86 136/201/86
f 137/204/87 139/206/87 140/205/87 138/203/87
f 139/206/88 141/208/88 142/207/88 140/205/88
f 141/208/89 143/210/89 144/209/89 142/207/89
f 143/210/90 145/212/90 146/211/90 144/209/90
f 145/212/91 147/214/91 148/213/91 146/211/91
f 147/214/92 149/216/92 150/215/92 148/213/92
f 149/216/93 151/218/93 152/217/93 150/215/93
f 151/218/94 153/220/94 154/219/94 152/217/94
f 153/220/95 155/222/95 156/221/95 154/219/95
f 155/222/96 157/224/96 158/223/96 156/221/96
f 100/225/97 102/256/97 104/255/97 106/254/97 108/253/97 110/252/97 112/251/97 114/250/97 116/249/97 118/248/97 120/247/97 122/246/97 124/245/97 126/244/97 128/243/97 130/242/97 132/241/97 134/240/97 136/239/97 138/238/97 140/237/97 142/236/97 144/235/97 146/234/97 148/233/97 150/232/97 152/231/97 154/230/97 156/229/97 158/228/97 160/227/97 98/226/97
f 157/224/98 159/258/98 160/257/98 158/223/98
f 159/258/99 97/260/99 98/259/99 160/257/99
f 97/261/100 159/292/100 157/291/100 155/290/100 153/289/100 151/288/100 149/287/100 147/286/100 145/285/100 143/284/100 141/283/100 139/282/100 137/281/100 135/280/100 133/279/100 131/278/100 129/277/100 127/276/100 125/275/100 123/274/100 121/273/100 119/272/100 117/271/100 115/270/100 113/269/100 111/268/100 109/267/100 107/266/100 105/265/100 103/264/100 101/263/100 99/262/100
f 163/293/101 191/296/101 162/295/101 161/294/101
f 163/293/102 161/299/102 166/298/102 167/297/102
f 167/297/103 166/298/103 178/304/103 179/303/103 177/302/103 175/301/103 194/300/103
f 167/299/104 194/306/104 175/301/104 172/299/104 173/305/104
f 169/305/97 171/305/97 165/297/97 167/297/97
f 170/307/105 172/307/105 171/305/105 169/305/105
f 171/305/97 173/305/97 164/297/97 165/297/97
f 173/305/106 174/308/106 164/297/106
f 180/309/107 182/310/107 179/303/107 178/304/107
f 161/299/108 162/295/108 184/312/108 181/311/108 180/309/108
f 180/309/109 181/311/109 182/310/109
f 181/311/110 184/312/110 183/313/110 182/310/110
f 182/310/111 183/313/111 177/302/111 179/303/111
f 183/313/112 184/312/112 186/315/112 185/314/112
f 185/314/113 175/301/113 177/302/113 183/313/113
f 186/315/114 187/316/114 185/314/114
f 176/204/115 175/301/115 185/314/115 187/316/115 188/317/115
f 187/316/116 186/315/116 191/296/116 190/319/116 189/318/116
f 189/318/117 190/203/117 192/321/117 174/308/117 193/320/117 176/204/117 188/317/117 187/316/117
f 190/319/118 191/296/118 163/293/118
f 190/203/119 163/322/119 164/297/119 174/308/119 192/321/119
f 191/296/120 186/315/120 184/312/120 162/295/120
f 174/308/121 173/305/121 172/299/121 176/204/121 193/320/121
f 176/204/122 172/299/122 175/301/122
f 166/299/123 161/299/123 180/309/123 178/304/123
f 194/299/124 173/299/124 195/299/124 178/299/124
f 177/299/125 195/299/125 178/299/125 179/299/125
f 172/299/126 173/299/126 195/299/126 177/299/126 175/299/126
l 168 170
o Связующее_плечо
v 0.493155 2.361764 -1.659047
v 0.399753 8.519350 -1.664634
v 0.465784 2.360779 -0.602735
v 0.399753 8.519350 -0.590945
v 1.346637 2.361764 -1.659047
v 1.002900 8.519350 -1.664634
v 1.319265 2.360779 -0.602735
v 1.002900 8.519350 -0.590945
v 0.548700 5.485139 -1.473000
v 0.548700 5.485139 -0.782578
v 1.175695 5.485139 -0.782578
v 1.175695 5.485139 -1.473000
v 0.508016 6.837278 -1.517800
v 0.508016 4.132999 -0.737779
v 1.216379 4.132999 -0.737779
v 1.216379 4.132999 -1.517800
v 0.508016 4.132999 -1.517800
v 0.508016 6.837278 -0.737779
v 1.217801 6.837278 -0.737779
v 1.217801 6.837278 -1.517800
v 0.399753 8.695748 -1.127789
v 1.002900 8.695748 -1.127789
v -0.238043 2.459934 -0.597096
v -0.196486 2.488922 -0.570682
v -0.196486 2.430946 -0.570682
v 1.371312 2.459934 -0.597096
v 1.329756 2.430947 -0.570682
v 1.329756 2.488922 -0.570682
v -0.238043 2.355609 -0.607371
v -0.196486 2.378886 -0.575810
v -0.196486 2.322025 -0.587120
v 1.371312 2.355609 -0.607371
v 1.329756 2.322025 -0.587120
v 1.329756 2.378887 -0.575810
v -0.238043 2.255293 -0.637802
v -0.196486 2.271966 -0.602305
v -0.196486 2.218404 -0.624492
v 1.371312 2.255293 -0.637802
v 1.329756 2.218404 -0.624492
v 1.329756 2.271966 -0.602305
v -0.238043 2.162841 -0.687218
v -0.196486 2.172268 -0.649151
v -0.196486 2.124064 -0.681361
v 1.371312 2.162841 -0.687218
v 1.329756 2.124064 -0.681361
v 1.329756 2.172269 -0.649151
v -0.238042 2.081806 -0.753722
v -0.196486 2.083626 -0.714547
v -0.196486 2.042631 -0.755542
v 1.371312 2.081806 -0.753722
v 1.329756 2.042632 -0.755542
v 1.329756 2.083626 -0.714547
v -0.238042 2.015303 -0.834756
v -0.196486 2.009445 -0.795979
v -0.196486 1.977236 -0.844184
v 1.371312 2.015303 -0.834756
v 1.329756 1.977236 -0.844184
v 1.329756 2.009445 -0.795979
v -0.238042 1.965886 -0.927208
v -0.196486 1.952576 -0.890319
v -0.196486 1.930390 -0.943881
v 1.371312 1.965886 -0.927208
v 1.329756 1.930390 -0.943881
v 1.329756 1.952576 -0.890319
v -0.238042 1.935456 -1.027524
v -0.196486 1.915205 -0.993940
v -0.196486 1.903895 -1.050802
v 1.371312 1.935456 -1.027524
v 1.329756 1.903895 -1.050802
v 1.329756 1.915205 -0.993940
v -0.238042 1.925181 -1.131849
v -0.196486 1.898767 -1.102862
v -0.196486 1.898767 -1.160837
v 1.371312 1.925181 -1.131849
v 1.329756 1.898767 -1.160837
v 1.329756 1.898767 -1.102862
v -0.238042 1.935456 -1.236174
v -0.196486 1.903895 -1.212897
v -0.196486 1.915205 -1.269758
v 1.371312 1.935456 -1.236174
v 1.329756 1.915205 -1.269758
v 1.329756 1.903895 -1.212897
v -0.238042 1.965886 -1.336490
v -0.196486 1.930390 -1.319818
v -0.196486 1.952576 -1.373380
v 1.371312 1.965886 -1.336490
v 1.329756 1.952576 -1.373380
v 1.329756 1.930390 -1.319818
v -0.238042 2.015303 -1.428942
v -0.196486 1.977236 -1.419515
v -0.196486 2.009445 -1.467719
v 1.371312 2.015303 -1.428942
v 1.329756 2.009445 -1.467719
v 1.329756 1.977236 -1.419515
v -0.238042 2.081806 -1.509977
v -0.196486 2.042631 -1.508157
v -0.196486 2.083626 -1.549152
v 1.371312 2.081806 -1.509977
v 1.329756 2.083626 -1.549152
v 1.329756 2.042632 -1.508157
v -0.238043 2.162841 -1.576480
v -0.196486 2.124064 -1.582338
v -0.196486 2.172268 -1.614547
v 1.371312 2.162841 -1.576480
v 1.329756 2.172269 -1.614547
v 1.329756 2.124064 -1.582338
v -0.238043 2.255293 -1.625897
v -0.196486 2.218404 -1.639207
v -0.196486 2.271966 -1.661393
v 1.371312 2.255293 -1.625897
v 1.329756 2.271966 -1.661393
v 1.329756 2.218404 -1.639207
v -0.238043 2.355609 -1.656327
v -0.196486 2.322025 -1.676578
v -0.196486 2.378886 -1.687889
v 1.371312 2.355609 -1.656327
v 1.329756 2.378887 -1.687889
v 1.329756 2.322025 -1.676578
v -0.238043 2.459934 -1.666603
v -0.196486 2.430946 -1.693016
v -0.196486 2.488922 -1.693016
v 1.371312 2.459934 -1.666603
v 1.329756 2.488922 -1.693016
v 1.329756 2.430947 -1.693016
v -0.238043 2.564259 -1.656327
v -0.196486 2.540982 -1.687889
v -0.196486 2.597843 -1.676578
v 1.371312 2.564259 -1.656327
v 1.329756 2.597843 -1.676578
v 1.329756 2.540982 -1.687889
v -0.238043 2.664575 -1.625897
v -0.196486 2.647902 -1.661393
v -0.196486 2.701464 -1.639207
v 1.371312 2.664575 -1.625897
v 1.329756 2.701465 -1.639207
v 1.329756 2.647902 -1.661393
v -0.238043 2.757027 -1.576480
v -0.196486 2.747599 -1.614547
v -0.196486 2.795804 -1.582338
v 1.371312 2.757027 -1.576480
v 1.329756 2.795804 -1.582338
v 1.329756 2.747600 -1.614547
v -0.238043 2.838062 -1.509977
v -0.196486 2.836242 -1.549152
v -0.196486 2.877236 -1.508157
v 1.371312 2.838062 -1.509977
v 1.329756 2.877236 -1.508157
v 1.329756 2.836242 -1.549152
v -0.238043 2.904565 -1.428942
v -0.196486 2.910423 -1.467719
v -0.196486 2.942632 -1.419515
v 1.371312 2.904565 -1.428942
v 1.329756 2.942632 -1.419515
v 1.329756 2.910423 -1.467719
v -0.238043 2.953982 -1.336490
v -0.196486 2.967292 -1.373380
v -0.196486 2.989478 -1.319818
v 1.371312 2.953982 -1.336490
v 1.329756 2.989478 -1.319818
v 1.329756 2.967292 -1.373380
v -0.238043 2.984412 -1.236174
v -0.196486 3.004663 -1.269758
v -0.196486 3.015974 -1.212897
v 1.371312 2.984412 -1.236174
v 1.329756 3.015974 -1.212897
v 1.329756 3.004663 -1.269758
v -0.238043 2.994687 -1.131849
v -0.196486 3.021101 -1.160837
v -0.196486 3.021101 -1.102862
v 1.371312 2.994688 -1.131849
v 1.329756 3.021101 -1.102862
v 1.329756 3.021101 -1.160837
v -0.238043 2.984412 -1.027524
v -0.196486 3.015974 -1.050802
v -0.196486 3.004663 -0.993940
v 1.371312 2.984412 -1.027524
v 1.329756 3.004663 -0.993940
v 1.329756 3.015974 -1.050802
v -0.238043 2.953982 -0.927208
v -0.196486 2.989478 -0.943881
v -0.196486 2.967292 -0.890319
v 1.371312 2.953982 -0.927208
v 1.329756 2.967292 -0.890319
v 1.329756 2.989478 -0.943881
v -0.238043 2.904565 -0.834756
v -0.196486 2.942632 -0.844184
v -0.196486 2.910423 -0.795979
v 1.371312 2.904565 -0.834756
v 1.329756 2.910423 -0.795979
v 1.329756 2.942632 -0.844184
v -0.238043 2.838062 -0.753722
v -0.196486 2.877236 -0.755542
v -0.196486 2.836242 -0.714547
v 1.371312 2.838062 -0.753722
v 1.329756 2.836242 -0.714547
v 1.329756 2.877236 -0.755542
v -0.238043 2.757027 -0.687218
v -0.196486 2.795804 -0.681361
v -0.196486 2.747599 -0.649151
v 1.371312 2.757027 -0.687218
v 1.329756 2.747600 -0.649151
v 1.329756 2.795804 -0.681361
v -0.238043 2.664575 -0.637802
v -0.196486 2.701464 -0.624492
v -0.196486 2.647902 -0.602305
v 1.371312 2.664575 -0.637802
v 1.329756 2.647902 -0.602305
v 1.329756 2.701465 -0.624492
v -0.238043 2.564259 -0.607371
v -0.196486 2.597843 -0.587120
v -0.196486 2.540982 -0.575810
v 1.371312 2.564259 -0.607371
v 1.329756 2.540982 -0.575810
v 1.329756 2.597843 -0.587120
vn -0.9982 -0.0606 -0.0000
vn -0.0000 -0.0870 0.9962
vn 0.9928 0.1196 -0.0000
vn -0.0000 -0.0870 -0.9962
vn -0.0000 -1.0000 -0.0009
vn -0.0000 0.9500 -0.3122
vn -0.0000 0.0331 -0.9995
vn 0.9995 0.0301 -0.0000
vn -0.0000 0.0331 0.9995
vn -0.9995 0.0301 -0.0000
vn -0.9998 0.0161 -0.0149
vn -0.0000 0.0760 0.9971
vn 0.9977 0.0656 0.0149
vn -0.0000 0.0795 -0.9968
vn -0.0000 -0.0331 -0.9995
vn 0.9995 -0.0311 -0.0000
vn -0.0000 -0.0331 0.9995
vn -0.9995 -0.0301 -0.0000
vn -0.0000 0.9500 0.3122
vn -0.5364 -0.0000 0.8439
vn 0.5364 -0.0000 0.8439
vn -0.5364 -0.1646 0.8277
vn 0.5364 -0.1646 0.8277
vn -0.5364 -0.3230 0.7797
vn 0.5364 -0.3230 0.7797
vn -0.5364 -0.4689 0.7017
vn 0.5364 -0.4689 0.7017
vn -0.5364 -0.5968 0.5968
vn 0.5364 -0.5968 0.5968
vn -0.5364 -0.7017 0.4689
vn 0.5364 -0.7017 0.4689
vn -0.5364 -0.7797 0.3230
vn 0.5364 -0.7797 0.3230
vn -0.5364 -0.8277 0.1646
vn 0.5364 -0.8277 0.1646
vn -0.5364 -0.8439 -0.0000
vn 0.5364 -0.8439 -0.0000
vn -0.5364 -0.8277 -0.1646
vn 0.5364 -0.8277 -0.1647
vn -0.5364 -0.7797 -0.3230
vn 0.5364 -0.7797 -0.3230
vn -0.5364 -0.7017 -0.4689
vn 0.5364 -0.7017 -0.4689
vn -0.5364 -0.5968 -0.5968
vn 0.5364 -0.5968 -0.5968
vn -0.5364 -0.4689 -0.7017
vn 0.5364 -0.4689 -0.7017
vn -0.5364 -0.3230 -0.7797
vn 0.5364 -0.3230 -0.7797
vn -0.5364 -0.1646 -0.8277
vn 0.5364 -0.1646 -0.8277
vn -0.5364 -0.0000 -0.8439
vn 0.5364 -0.0000 -0.8439
vn -0.5364 0.1646 -0.8277
vn 0.5364 0.1646 -0.8277
vn -0.5364 0.3230 -0.7797
vn 0.5364 0.3230 -0.7797
vn -0.5364 0.4689 -0.7017
vn 0.5364 0.4689 -0.7017
vn -0.5364 0.5968 -0.5968
vn 0.5364 0.5968 -0.5968
vn -0.5364 0.7017 -0.4689
vn 0.5364 0.7017 -0.4689
vn -0.5364 0.7797 -0.3230
vn 0.5364 0.7797 -0.3230
vn -0.5364 0.8277 -0.1646
vn 0.5364 0.8277 -0.1646
vn -0.5364 0.8440 -0.0000
vn 0.5364 0.8439 -0.0000
vn -0.5364 0.8277 0.1646
vn 0.5364 0.8277 0.1646
vn -0.5364 0.7797 0.3230
vn 0.5364 0.7797 0.3230
vn -0.5364 0.7017 0.4689
vn 0.5364 0.7017 0.4689
vn -0.5364 0.5968 0.5968
vn 0.5364 0.5968 0.5968
vn -0.5364 0.4689 0.7017
vn 0.5364 0.4689 0.7017
vn -0.5364 0.3230 0.7797
vn 0.5364 0.3230 0.7797
vn -0.5364 0.1646 0.8277
vn 0.5364 0.1646 0.8277
vn -0.5740 -0.0803 0.8149
vn 0.5740 -0.0803 0.8149
vn -0.0000 -0.0000 1.0000
vn -0.0000 -0.1951 0.9808
vn -0.5740 -0.2377 0.7836
vn 0.5740 -0.2377 0.7836
vn -0.0000 -0.3827 0.9239
vn -0.5740 -0.3860 0.7222
vn 0.5740 -0.3860 0.7222
vn -0.0000 -0.5556 0.8315
vn -0.5740 -0.5195 0.6330
vn 0.5740 -0.5195 0.6330
vn -0.0000 -0.7071 0.7071
vn -0.5740 -0.6330 0.5195
vn 0.5740 -0.6330 0.5195
vn -0.0000 -0.8315 0.5556
vn -0.5740 -0.7222 0.3860
vn 0.5740 -0.7222 0.3860
vn -0.0000 -0.9239 0.3827
vn -0.5740 -0.7836 0.2377
vn 0.5740 -0.7836 0.2377
vn -0.0000 -0.9808 0.1951
vn -0.5740 -0.8149 0.0803
vn 0.5740 -0.8149 0.0803
vn -0.0000 -1.0000 -0.0000
vn -0.5740 -0.8149 -0.0803
vn 0.5740 -0.8149 -0.0803
vn -0.0000 -0.9808 -0.1951
vn -0.5740 -0.7836 -0.2377
vn 0.5740 -0.7836 -0.2377
vn -0.0000 -0.9239 -0.3827
vn -0.5740 -0.7222 -0.3860
vn 0.5740 -0.7222 -0.3860
vn -0.0000 -0.8315 -0.5556
vn -0.5740 -0.6330 -0.5195
vn 0.5740 -0.6330 -0.5195
vn -0.0000 -0.7071 -0.7071
vn -0.5740 -0.5195 -0.6330
vn 0.5740 -0.5195 -0.6330
vn -0.0000 -0.5556 -0.8315
vn -0.5740 -0.3860 -0.7222
vn 0.5740 -0.3860 -0.7222
vn -0.0000 -0.3827 -0.9239
vn -0.5740 -0.2377 -0.7836
vn 0.5740 -0.2377 -0.7836
vn -0.0000 -0.1951 -0.9808
vn -0.5740 -0.0803 -0.8149
vn 0.5740 -0.0803 -0.8149
vn -0.0000 -0.0000 -1.0000
vn -0.5740 0.0803 -0.8149
vn 0.5740 0.0803 -0.8149
vn -0.0000 0.1951 -0.9808
vn -0.5740 0.2377 -0.7836
vn 0.5740 0.2377 -0.7836
vn -0.0000 0.3827 -0.9239
vn -0.5740 0.3860 -0.7222
vn 0.5740 0.3860 -0.7222
vn -0.0000 0.5556 -0.8315
vn -0.5740 0.5195 -0.6330
vn 0.5740 0.5195 -0.6330
vn -0.0000 0.7071 -0.7071
vn -0.5740 0.6330 -0.5195
vn 0.5740 0.6330 -0.5195
vn -0.0000 0.8315 -0.5556
vn -0.5740 0.7222 -0.3860
vn 0.5740 0.7222 -0.3860
vn -0.0000 0.9239 -0.3827
vn -0.5740 0.7836 -0.2377
vn 0.5740 0.7836 -0.2377
vn -0.0000 0.9808 -0.1951
vn -0.5740 0.8149 -0.0803
vn 0.5740 0.8149 -0.0803
vn -0.0000 1.0000 -0.0000
vn -0.5740 0.8149 0.0803
vn 0.5740 0.8149 0.0803
vn -0.0000 0.9808 0.1951
vn -0.5740 0.7836 0.2377
vn 0.5740 0.7836 0.2377
vn -0.0000 0.9239 0.3827
vn -0.5740 0.7222 0.3860
vn 0.5740 0.7222 0.3860
vn -0.0000 0.8315 0.5556
vn -0.5740 0.6330 0.5195
vn 0.5740 0.6330 0.5195
vn -0.0000 0.7071 0.7071
vn -0.5740 0.5195 0.6330
vn 0.5740 0.5195 0.6330
vn -0.0000 0.5556 0.8315
vn -0.5740 0.3860 0.7222
vn 0.5740 0.3860 0.7222
vn -0.0000 0.3827 0.9239
vn -0.5740 0.2377 0.7836
vn 0.5740 0.2377 0.7836
vn -0.0000 0.1951 0.9808
vn -0.5740 0.0803 0.8149
vn 0.5740 0.0803 0.8149
vn -1.0000 -0.0000 -0.0000
vn -0.0000 -0.0980 0.9952
vn -0.0000 0.0980 0.9952
vn 1.0000 -0.0000 -0.0000
vn -0.0000 -0.2903 0.9569
vn -0.0000 -0.4714 0.8819
vn -0.0000 -0.6344 0.7730
vn -0.0000 -0.7730 0.6344
vn -0.0000 -0.8819 0.4714
vn -0.0000 -0.9569 0.2903
vn -0.0000 -0.9952 0.0980
vn -0.0000 -0.9952 -0.0980
vn -0.0000 -0.9569 -0.2903
vn -0.0000 -0.8819 -0.4714
vn -0.0000 -0.7730 -0.6344
vn -0.0000 -0.6344 -0.7730
vn -0.0000 -0.4714 -0.8819
vn -0.0000 -0.2903 -0.9569
vn -0.0000 -0.0980 -0.9952
vn -0.0000 0.0980 -0.9952
vn -0.0000 0.2903 -0.9569
vn -0.0000 0.4714 -0.8819
vn -0.0000 0.6344 -0.7730
vn -0.0000 0.7730 -0.6344
vn -0.0000 0.8819 -0.4714
vn -0.0000 0.9569 -0.2903
vn -0.0000 0.9952 -0.0980
vn -0.0000 0.9952 0.0980
vn -0.0000 0.9569 0.2903
vn -0.0000 0.8819 0.4714
vn -0.0000 0.7730 0.6344
vn -0.0000 0.6344 0.7730
vn -0.0000 0.4714 0.8819
vn -0.0000 0.2903 0.9569
vt 0.562500 0.000000
vt 0.625000 0.000000
vt 0.625000 0.125000
vt 0.625000 0.250000
vt 0.562500 0.250000
vt 0.625000 0.500000
vt 0.562500 0.500000
vt 0.625000 0.625000
vt 0.625000 0.750000
vt 0.562500 0.750000
vt 0.625000 1.000000
vt 0.562500 1.000000
vt 0.125000 0.500000
vt 0.375000 0.500000
vt 0.375000 0.750000
vt 0.125000 0.750000
vt 0.875000 0.625000
vt 0.875000 0.750000
vt 0.437500 0.750000
vt 0.500000 0.750000
vt 0.500000 1.000000
vt 0.437500 1.000000
vt 0.437500 0.500000
vt 0.500000 0.500000
vt 0.437500 0.250000
vt 0.500000 0.250000
vt 0.437500 0.000000
vt 0.500000 0.000000
vt 0.375000 0.000000
vt 0.375000 0.250000
vt 0.375000 1.000000
vt 0.875000 0.500000
vt 0.750000 0.477546
vt 0.737665 0.488785
vt 0.762335 0.488785
vt 0.250000 0.477546
vt 0.262335 0.488785
vt 0.237665 0.488785
vt 0.794392 0.473174
vt 0.784487 0.486603
vt 0.808682 0.481791
vt 0.294392 0.473174
vt 0.308682 0.481791
vt 0.284487 0.486603
vt 0.837078 0.460225
vt 0.829983 0.475329
vt 0.852775 0.465888
vt 0.337078 0.460225
vt 0.352775 0.465888
vt 0.329983 0.475329
vt 0.876418 0.439197
vt 0.872406 0.455395
vt 0.892918 0.441690
vt 0.376418 0.439197
vt 0.392918 0.441690
vt 0.372406 0.455395
vt 0.910899 0.410899
vt 0.910125 0.427569
vt 0.927569 0.410125
vt 0.410899 0.410899
vt 0.427569 0.410125
vt 0.410125 0.427568
vt 0.939197 0.376418
vt 0.941690 0.392918
vt 0.955395 0.372406
vt 0.439197 0.376418
vt 0.455395 0.372406
vt 0.441690 0.392918
vt 0.960225 0.337078
vt 0.965888 0.352775
vt 0.975329 0.329983
vt 0.460225 0.337078
vt 0.475329 0.329983
vt 0.465888 0.352775
vt 0.973174 0.294392
vt 0.981791 0.308682
vt 0.986603 0.284487
vt 0.473173 0.294392
vt 0.486603 0.284487
vt 0.481791 0.308682
vt 0.977546 0.250000
vt 0.988785 0.262335
vt 0.988785 0.237665
vt 0.477546 0.250000
vt 0.488785 0.237665
vt 0.488785 0.262335
vt 0.973174 0.205608
vt 0.986603 0.215513
vt 0.981791 0.191318
vt 0.473173 0.205608
vt 0.481791 0.191318
vt 0.486603 0.215513
vt 0.960225 0.162922
vt 0.975329 0.170017
vt 0.965888 0.147225
vt 0.460225 0.162922
vt 0.465888 0.147225
vt 0.475329 0.170017
vt 0.939197 0.123582
vt 0.955395 0.127594
vt 0.941690 0.107082
vt 0.439197 0.123582
vt 0.441690 0.107082
vt 0.455395 0.127594
vt 0.910899 0.089101
vt 0.927569 0.089875
vt 0.910125 0.072431
vt 0.410899 0.089101
vt 0.410125 0.072431
vt 0.427568 0.089875
vt 0.876418 0.060803
vt 0.892918 0.058310
vt 0.872406 0.044605
vt 0.376418 0.060803
vt 0.372406 0.044605
vt 0.392918 0.058310
vt 0.837078 0.039775
vt 0.852775 0.034112
vt 0.829983 0.024671
vt 0.337078 0.039775
vt 0.329983 0.024671
vt 0.352775 0.034112
vt 0.794392 0.026827
vt 0.808682 0.018209
vt 0.784487 0.013397
vt 0.294392 0.026827
vt 0.284487 0.013397
vt 0.308682 0.018209
vt 0.750000 0.022454
vt 0.762335 0.011215
vt 0.737665 0.011215
vt 0.250000 0.022454
vt 0.237665 0.011215
vt 0.262335 0.011215
vt 0.705608 0.026827
vt 0.715513 0.013397
vt 0.691318 0.018209
vt 0.205608 0.026827
vt 0.191318 0.018209
vt 0.215513 0.013397
vt 0.662922 0.039775
vt 0.670017 0.024671
vt 0.647225 0.034112
vt 0.162922 0.039775
vt 0.147225 0.034112
vt 0.170017 0.024671
vt 0.623582 0.060803
vt 0.627594 0.044605
vt 0.607082 0.058310
vt 0.123582 0.060803
vt 0.107082 0.058310
vt 0.127594 0.044605
vt 0.589101 0.089101
vt 0.589875 0.072431
vt 0.572431 0.089875
vt 0.089101 0.089101
vt 0.072431 0.089875
vt 0.089875 0.072431
vt 0.560803 0.123582
vt 0.558310 0.107082
vt 0.544605 0.127594
vt 0.060803 0.123582
vt 0.044605 0.127594
vt 0.058310 0.107082
vt 0.539775 0.162922
vt 0.534112 0.147225
vt 0.524671 0.170017
vt 0.039775 0.162922
vt 0.024671 0.170017
vt 0.034112 0.147225
vt 0.526827 0.205608
vt 0.518209 0.191318
vt 0.513397 0.215513
vt 0.026827 0.205608
vt 0.013397 0.215513
vt 0.018209 0.191318
vt 0.522454 0.250000
vt 0.511215 0.237665
vt 0.511215 0.262335
vt 0.022454 0.250000
vt 0.011215 0.262335
vt 0.011215 0.237665
vt 0.526827 0.294392
vt 0.513397 0.284487
vt 0.518209 0.308682
vt 0.026827 0.294392
vt 0.018209 0.308682
vt 0.013397 0.284487
vt 0.539775 0.337078
vt 0.524671 0.329983
vt 0.534112 0.352775
vt 0.039775 0.337078
vt 0.034112 0.352775
vt 0.024671 0.329983
vt 0.560803 0.376418
vt 0.544605 0.372406
vt 0.558310 0.392918
vt 0.060803 0.376418
vt 0.058310 0.392918
vt 0.044605 0.372406
vt 0.589101 0.410899
vt 0.572431 0.410125
vt 0.589875 0.427568
vt 0.089101 0.410899
vt 0.089875 0.427569
vt 0.072431 0.410125
vt 0.623582 0.439197
vt 0.607082 0.441690
vt 0.627594 0.455395
vt 0.123582 0.439197
vt 0.127594 0.455395
vt 0.107082 0.441690
vt 0.662922 0.460225
vt 0.647225 0.465888
vt 0.670017 0.475329
vt 0.162922 0.460225
vt 0.170017 0.475329
vt 0.147225 0.465888
vt 0.705608 0.473174
vt 0.691318 0.481791
vt 0.715513 0.486603
vt 0.205608 0.473173
vt 0.215513 0.486603
vt 0.191318 0.481791
vt 0.008232 0.512911
vt 0.008232 0.987089
vt 0.000000 0.987089
vt 0.000000 0.512911
vt 0.960518 0.987089
vt 0.960518 0.512911
vt 0.976982 0.512911
vt 0.976982 0.987089
vt 0.929267 0.987089
vt 0.929267 0.512911
vt 0.945732 0.512911
vt 0.945732 0.987089
vt 0.898017 0.987089
vt 0.898017 0.512911
vt 0.914482 0.512911
vt 0.914482 0.987089
vt 0.866768 0.987089
vt 0.866768 0.512911
vt 0.883232 0.512911
vt 0.883233 0.987089
vt 0.835517 0.987089
vt 0.835518 0.512911
vt 0.851982 0.512911
vt 0.851982 0.987089
vt 0.804267 0.987089
vt 0.804267 0.512911
vt 0.820732 0.512911
vt 0.820732 0.987089
vt 0.773017 0.987089
vt 0.773018 0.512911
vt 0.789482 0.512911
vt 0.789483 0.987089
vt 0.741767 0.987089
vt 0.741767 0.512911
vt 0.758232 0.512911
vt 0.758233 0.987089
vt 0.710518 0.987089
vt 0.710518 0.512911
vt 0.726982 0.512911
vt 0.726982 0.987089
vt 0.679267 0.987089
vt 0.679267 0.512911
vt 0.695732 0.512911
vt 0.695732 0.987089
vt 0.648017 0.987089
vt 0.648017 0.512911
vt 0.664482 0.512911
vt 0.664482 0.987089
vt 0.616768 0.987089
vt 0.616767 0.512911
vt 0.633232 0.512911
vt 0.633232 0.987089
vt 0.585517 0.987089
vt 0.585517 0.512911
vt 0.601982 0.512911
vt 0.601982 0.987089
vt 0.554268 0.987089
vt 0.554268 0.512911
vt 0.570732 0.512911
vt 0.570732 0.987089
vt 0.523017 0.987089
vt 0.523018 0.512911
vt 0.539482 0.512911
vt 0.539482 0.987089
vt 0.491768 0.987089
vt 0.491767 0.512911
vt 0.508232 0.512911
vt 0.508233 0.987089
vt 0.460518 0.987089
vt 0.460518 0.512911
vt 0.476982 0.512911
vt 0.476982 0.987089
vt 0.429267 0.987089
vt 0.429268 0.512911
vt 0.445732 0.512911
vt 0.445733 0.987089
vt 0.398017 0.987089
vt 0.398017 0.512911
vt 0.414482 0.512911
vt 0.414482 0.987089
vt 0.366768 0.987089
vt 0.366768 0.512911
vt 0.383232 0.512911
vt 0.383232 0.987089
vt 0.335517 0.987089
vt 0.335517 0.512911
vt 0.351982 0.512911
vt 0.351982 0.987089
vt 0.304267 0.987089
vt 0.304267 0.512911
vt 0.320732 0.512911
vt 0.320732 0.987089
vt 0.273017 0.987089
vt 0.273018 0.512911
vt 0.289482 0.512911
vt 0.289482 0.987089
vt 0.241768 0.987089
vt 0.241768 0.512911
vt 0.258232 0.512911
vt 0.258233 0.987089
vt 0.210518 0.987089
vt 0.210518 0.512911
vt 0.226982 0.512911
vt 0.226982 0.987089
vt 0.179267 0.987089
vt 0.179267 0.512911
vt 0.195732 0.512911
vt 0.195732 0.987089
vt 0.148017 0.987089
vt 0.148017 0.512911
vt 0.164482 0.512911
vt 0.164482 0.987089
vt 0.116768 0.987089
vt 0.116768 0.512911
vt 0.133232 0.512911
vt 0.133232 0.987089
vt 0.085518 0.987089
vt 0.085518 0.512911
vt 0.101982 0.512911
vt 0.101982 0.987089
vt 0.054268 0.987089
vt 0.054268 0.512911
vt 0.070732 0.512911
vt 0.070732 0.987089
vt 0.023018 0.987089
vt 0.023018 0.512911
vt 0.039482 0.512911
vt 0.039482 0.987089
vt 0.991767 0.512911
vt 0.991768 0.987089
s 0
f 208/323/127 213/327/127 199/326/127 216/325/127 197/324/127
f 213/327/128 214/329/128 203/328/128 199/326/128
f 214/329/129 215/332/129 201/331/129 217/330/129 203/328/129
f 215/332/130 208/334/130 197/333/130 201/331/130
f 198/335/131 196/338/131 200/337/131 202/336/131
f 217/330/132 201/331/132 197/340/132 216/339/132
f 211/341/133 212/344/133 204/343/133 207/342/133
f 210/345/134 211/341/134 207/342/134 206/346/134
f 209/347/135 210/345/135 206/346/135 205/348/135
f 212/349/136 209/347/136 205/348/136 204/350/136
f 196/351/137 198/352/137 209/347/137 212/349/137
f 198/352/138 202/336/138 210/345/138 209/347/138
f 202/336/139 200/337/139 211/341/139 210/345/139
f 200/337/140 196/353/140 212/344/140 211/341/140
f 207/342/141 204/343/141 208/334/141 215/332/141
f 206/346/142 207/342/142 215/332/142 214/329/142
f 205/348/143 206/346/143 214/329/143 213/327/143
f 204/350/144 205/348/144 213/327/144 208/323/144
f 203/328/145 217/330/145 216/339/145 199/354/145
f 218/355/146 220/357/146 219/356/146
f 221/358/147 223/360/147 222/359/147
f 224/361/148 226/363/148 225/362/148
f 227/364/149 229/366/149 228/365/149
f 230/367/150 232/369/150 231/368/150
f 233/370/151 235/372/151 234/371/151
f 236/373/152 238/375/152 237/374/152
f 239/376/153 241/378/153 240/377/153
f 242/379/154 244/381/154 243/380/154
f 245/382/155 247/384/155 246/383/155
f 248/385/156 250/387/156 249/386/156
f 251/388/157 253/390/157 252/389/157
f 254/391/158 256/393/158 255/392/158
f 257/394/159 259/396/159 258/395/159
f 260/397/160 262/399/160 261/398/160
f 263/400/161 265/402/161 264/401/161
f 266/403/162 268/405/162 267/404/162
f 269/406/163 271/408/163 270/407/163
f 272/409/164 274/411/164 273/410/164
f 275/412/165 277/414/165 276/413/165
f 278/415/166 280/417/166 279/416/166
f 281/418/167 283/420/167 282/419/167
f 284/421/168 286/423/168 285/422/168
f 287/424/169 289/426/169 288/425/169
f 290/427/170 292/429/170 291/428/170
f 293/430/171 295/432/171 294/431/171
f 296/433/172 298/435/172 297/434/172
f 299/436/173 301/438/173 300/437/173
f 302/439/174 304/441/174 303/440/174
f 305/442/175 307/444/175 306/443/175
f 308/445/176 310/447/176 309/446/176
f 311/448/177 313/450/177 312/449/177
f 314/451/178 316/453/178 315/452/178
f 317/454/179 319/456/179 318/455/179
f 320/457/180 322/459/180 321/458/180
f 323/460/181 325/462/181 324/461/181
f 326/463/182 328/465/182 327/464/182
f 329/466/183 331/468/183 330/467/183
f 332/469/184 334/471/184 333/470/184
f 335/472/185 337/474/185 336/473/185
f 338/475/186 340/477/186 339/476/186
f 341/478/187 343/480/187 342/479/187
f 344/481/188 346/483/188 345/482/188
f 347/484/189 349/486/189 348/485/189
f 350/487/190 352/489/190 351/488/190
f 353/490/191 355/492/191 354/491/191
f 356/493/192 358/495/192 357/494/192
f 359/496/193 361/498/193 360/497/193
f 362/499/194 364/501/194 363/500/194
f 365/502/195 367/504/195 366/503/195
f 368/505/196 370/507/196 369/506/196
f 371/508/197 373/510/197 372/509/197
f 374/511/198 376/513/198 375/512/198
f 377/514/199 379/516/199 378/515/199
f 380/517/200 382/519/200 381/518/200
f 383/520/201 385/522/201 384/521/201
f 386/523/202 388/525/202 387/524/202
f 389/526/203 391/528/203 390/527/203
f 392/529/204 394/531/204 393/530/204
f 395/532/205 397/534/205 396/533/205
f 398/535/206 400/537/206 399/536/206
f 401/538/207 403/540/207 402/539/207
f 404/541/208 406/543/208 405/542/208
f 407/544/209 409/546/209 408/545/209
f 220/357/210 218/355/210 224/361/210 225/362/210
f 229/366/211 227/364/211 221/358/211 222/359/211
f 219/547/212 220/550/212 222/549/212 223/548/212
f 228/551/213 229/554/213 225/553/213 226/552/213
f 226/363/214 224/361/214 230/367/214 231/368/214
f 235/372/215 233/370/215 227/364/215 228/365/215
f 234/555/216 235/558/216 231/557/216 232/556/216
f 232/369/217 230/367/217 236/373/217 237/374/217
f 241/378/218 239/376/218 233/370/218 234/371/218
f 240/559/219 241/562/219 237/561/219 238/560/219
f 238/375/220 236/373/220 242/379/220 243/380/220
f 247/384/221 245/382/221 239/376/221 240/377/221
f 246/563/222 247/566/222 243/565/222 244/564/222
f 244/381/223 242/379/223 248/385/223 249/386/223
f 253/390/224 251/388/224 245/382/224 246/383/224
f 252/567/225 253/570/225 249/569/225 250/568/225
f 250/387/226 248/385/226 254/391/226 255/392/226
f 259/396/227 257/394/227 251/388/227 252/389/227
f 258/571/228 259/574/228 255/573/228 256/572/228
f 256/393/229 254/391/229 260/397/229 261/398/229
f 265/402/230 263/400/230 257/394/230 258/395/230
f 264/575/231 265/578/231 261/577/231 262/576/231
f 262/399/232 260/397/232 266/403/232 267/404/232
f 271/408/233 269/406/233 263/400/233 264/401/233
f 270/579/234 271/582/234 267/581/234 268/580/234
f 268/405/235 266/403/235 272/409/235 273/410/235
f 277/414/236 275/412/236 269/406/236 270/407/236
f 276/583/237 277/586/237 273/585/237 274/584/237
f 274/411/238 272/409/238 278/415/238 279/416/238
f 283/420/239 281/418/239 275/412/239 276/413/239
f 282/587/240 283/590/240 279/589/240 280/588/240
f 280/417/241 278/415/241 284/421/241 285/422/241
f 289/426/242 287/424/242 281/418/242 282/419/242
f 288/591/243 289/594/243 285/593/243 286/592/243
f 286/423/244 284/421/244 290/427/244 291/428/244
f 295/432/245 293/430/245 287/424/245 288/425/245
f 294/595/246 295/598/246 291/597/246 292/596/246
f 292/429/247 290/427/247 296/433/247 297/434/247
f 301/438/248 299/436/248 293/430/248 294/431/248
f 300/599/249 301/602/249 297/601/249 298/600/249
f 298/435/250 296/433/250 302/439/250 303/440/250
f 307/444/251 305/442/251 299/436/251 300/437/251
f 306/603/252 307/606/252 303/605/252 304/604/252
f 304/441/253 302/439/253 308/445/253 309/446/253
f 313/450/254 311/448/254 305/442/254 306/443/254
f 312/607/255 313/610/255 309/609/255 310/608/255
f 310/447/256 308/445/256 314/451/256 315/452/256
f 319/456/257 317/454/257 311/448/257 312/449/257
f 318/611/258 319/614/258 315/613/258 316/612/258
f 316/453/259 314/451/259 320/457/259 321/458/259
f 325/462/260 323/460/260 317/454/260 318/455/260
f 324/615/261 325/618/261 321/617/261 322/616/261
f 322/459/262 320/457/262 326/463/262 327/464/262
f 331/468/263 329/466/263 323/460/263 324/461/263
f 330/619/264 331/622/264 327/621/264 328/620/264
f 328/465/265 326/463/265 332/469/265 333/470/265
f 337/474/266 335/472/266 329/466/266 330/467/266
f 336/623/267 337/626/267 333/625/267 334/624/267
f 334/471/268 332/469/268 338/475/268 339/476/268
f 343/480/269 341/478/269 335/472/269 336/473/269
f 342/627/270 343/630/270 339/629/270 340/628/270
f 340/477/271 338/475/271 344/481/271 345/482/271
f 349/486/272 347/484/272 341/478/272 342/479/272
f 348/631/273 349/634/273 345/633/273 346/632/273
f 346/483/274 344/481/274 350/487/274 351/488/274
f 355/492/275 353/490/275 347/484/275 348/485/275
f 354/635/276 355/638/276 351/637/276 352/636/276
f 352/489/277 350/487/277 356/493/277 357/494/277
f 361/498/278 359/496/278 353/490/278 354/491/278
f 360/639/279 361/642/279 357/641/279 358/640/279
f 358/495/280 356/493/280 362/499/280 363/500/280
f 367/504/281 365/502/281 359/496/281 360/497/281
f 366/643/282 367/646/282 363/645/282 364/644/282
f 364/501/283 362/499/283 368/505/283 369/506/283
f 373/510/284 371/508/284 365/502/284 366/503/284
f 372/647/285 373/650/285 369/649/285 370/648/285
f 370/507/286 368/505/286 374/511/286 375/512/286
f 379/516/287 377/514/287 371/508/287 372/509/287
f 378/651/288 379/654/288 375/653/288 376/652/288
f 376/513/289 374/511/289 380/517/289 381/518/289
f 385/522/290 383/520/290 377/514/290 378/515/290
f 384/655/291 385/658/291 381/657/291 382/656/291
f 382/519/292 380/517/292 386/523/292 387/524/292
f 391/528/293 389/526/293 383/520/293 384/521/293
f 390/659/294 391/662/294 387/661/294 388/660/294
f 388/525/295 386/523/295 392/529/295 393/530/295
f 397/534/296 395/532/296 389/526/296 390/527/296
f 396/663/297 397/666/297 393/665/297 394/664/297
f 394/531/298 392/529/298 398/535/298 399/536/298
f 403/540/299 401/538/299 395/532/299 396/533/299
f 402/667/300 403/670/300 399/669/300 400/668/300
f 400/537/301 398/535/301 404/541/301 405/542/301
f 409/546/302 407/544/302 401/538/302 402/539/302
f 408/671/303 409/674/303 405/673/303 406/672/303
f 406/543/304 404/541/304 218/355/304 219/356/304
f 223/360/305 221/358/305 407/544/305 408/545/305
f 218/355/306 404/541/306 398/535/306 392/529/306 386/523/306 380/517/306 374/511/306 368/505/306 362/499/306 356/493/306 350/487/306 344/481/306 338/475/306 332/469/306 326/463/306 320/457/306 314/451/306 308/445/306 302/439/306 296/433/306 290/427/306 284/421/306 278/415/306 272/409/306 266/403/306 260/397/306 254/391/306 248/385/306 242/379/306 236/373/306 230/367/306 224/361/306
f 220/675/307 225/553/307 229/554/307 222/676/307
f 406/672/308 219/547/308 223/548/308 408/671/308
f 227/364/309 233/370/309 239/376/309 245/382/309 251/388/309 257/394/309 263/400/309 269/406/309 275/412/309 281/418/309 287/424/309 293/430/309 299/436/309 305/442/309 311/448/309 317/454/309 323/460/309 329/466/309 335/472/309 341/478/309 347/484/309 353/490/309 359/496/309 365/502/309 371/508/309 377/514/309 383/520/309 389/526/309 395/532/309 401/538/309 407/544/309 221/358/309
f 226/552/310 231/557/310 235/558/310 228/551/310
f 232/556/311 237/561/311 241/562/311 234/555/311
f 238/560/312 243/565/312 247/566/312 240/559/312
f 244/564/313 249/569/313 253/570/313 246/563/313
f 250/568/314 255/573/314 259/574/314 252/567/314
f 256/572/315 261/577/315 265/578/315 258/571/315
f 262/576/316 267/581/316 271/582/316 264/575/316
f 268/580/317 273/585/317 277/586/317 270/579/317
f 274/584/318 279/589/318 283/590/318 276/583/318
f 280/588/319 285/593/319 289/594/319 282/587/319
f 286/592/320 291/597/320 295/598/320 288/591/320
f 292/596/321 297/601/321 301/602/321 294/595/321
f 298/600/322 303/605/322 307/606/322 300/599/322
f 304/604/323 309/609/323 313/610/323 306/603/323
f 310/608/324 315/613/324 319/614/324 312/607/324
f 316/612/325 321/617/325 325/618/325 318/611/325
f 322/616/326 327/621/326 331/622/326 324/615/326
f 328/620/327 333/625/327 337/626/327 330/619/327
f 334/624/328 339/629/328 343/630/328 336/623/328
f 340/628/329 345/633/329 349/634/329 342/627/329
f 346/632/330 351/637/330 355/638/330 348/631/330
f 352/636/331 357/641/331 361/642/331 354/635/331
f 358/640/332 363/645/332 367/646/332 360/639/332
f 364/644/333 369/649/333 373/650/333 366/643/333
f 370/648/334 375/653/334 379/654/334 372/647/334
f 376/652/335 381/657/335 385/658/335 378/651/335
f 382/656/336 387/661/336 391/662/336 384/655/336
f 388/660/337 393/665/337 397/666/337 390/659/337
f 394/664/338 399/669/338 403/670/338 396/663/338
f 400/668/339 405/673/339 409/674/339 402/667/339
o Плечо
v -1.103116 8.111830 -5.404744
v -1.076783 8.132288 -5.386102
v -1.076783 8.091372 -5.386102
v -0.083321 8.111830 -5.404744
v -0.109654 8.091372 -5.386102
v -0.109654 8.132288 -5.386102
v -1.103116 8.038204 -5.411995
v -1.076783 8.054632 -5.389721
v -1.076783 8.014503 -5.397703
v -0.083321 8.038204 -5.411995
v -0.109654 8.014503 -5.397703
v -0.109654 8.054632 -5.389721
v -1.103116 7.967408 -5.433471
v -1.076783 7.979174 -5.408420
v -1.076783 7.941374 -5.424078
v -0.083321 7.967408 -5.433471
v -0.109654 7.941374 -5.424078
v -0.109654 7.979174 -5.408420
v -1.103116 7.902161 -5.468346
v -1.076783 7.908814 -5.441481
v -1.076783 7.874795 -5.464212
v -0.083321 7.902161 -5.468346
v -0.109654 7.874795 -5.464212
v -0.109654 7.908814 -5.441481
v -1.103116 7.844972 -5.515279
v -1.076783 7.846257 -5.487632
v -1.076783 7.817325 -5.516564
v -0.083321 7.844972 -5.515279
v -0.109654 7.817325 -5.516564
v -0.109654 7.846257 -5.487632
v -1.103116 7.798038 -5.572468
v -1.076783 7.793905 -5.545102
v -1.076783 7.771173 -5.579122
v -0.083321 7.798038 -5.572468
v -0.109654 7.771173 -5.579122
v -0.109654 7.793905 -5.545102
v -1.103116 7.763164 -5.637715
v -1.076783 7.753770 -5.611681
v -1.076783 7.738112 -5.649481
v -0.083321 7.763164 -5.637715
v -0.109654 7.738112 -5.649481
v -0.109654 7.753770 -5.611681
v -1.103116 7.741688 -5.708511
v -1.076783 7.727396 -5.684810
v -1.076783 7.719414 -5.724939
v -0.083321 7.741688 -5.708511
v -0.109654 7.719414 -5.724939
v -0.109654 7.727396 -5.684810
v -1.103116 7.734436 -5.782137
v -1.076783 7.715795 -5.761680
v -1.076783 7.715795 -5.802595
v -0.083321 7.734436 -5.782137
v -0.109654 7.715795 -5.802595
v -0.109654 7.715795 -5.761680
v -1.103116 7.741688 -5.855763
v -1.076783 7.719414 -5.839335
v -1.076783 7.727396 -5.879465
v -0.083321 7.741688 -5.855763
v -0.109654 7.727396 -5.879465
v -0.109654 7.719414 -5.839335
v -1.103116 7.763164 -5.926559
v -1.076783 7.738112 -5.914793
v -1.076783 7.753770 -5.952593
v -0.083321 7.763164 -5.926559
v -0.109654 7.753770 -5.952593
v -0.109654 7.738112 -5.914793
v -1.103116 7.798038 -5.991806
v -1.076783 7.771173 -5.985152
v -1.076783 7.793905 -6.019172
v -0.083321 7.798038 -5.991806
v -0.109654 7.793905 -6.019172
v -0.109654 7.771173 -5.985152
v -1.103116 7.844972 -6.048995
v -1.076783 7.817325 -6.047710
v -1.076783 7.846257 -6.076642
v -0.083321 7.844972 -6.048995
v -0.109654 7.846257 -6.076642
v -0.109654 7.817325 -6.047710
v -1.103116 7.902161 -6.095929
v -1.076783 7.874795 -6.100063
v -1.076783 7.908814 -6.122794
v -0.083321 7.902161 -6.095929
v -0.109654 7.908814 -6.122794
v -0.109654 7.874795 -6.100063
v -1.103116 7.967408 -6.130804
v -1.076783 7.941374 -6.140197
v -1.076783 7.979174 -6.155855
v -0.083321 7.967408 -6.130804
v -0.109654 7.979174 -6.155855
v -0.109654 7.941374 -6.140197
v -1.103116 8.038204 -6.152279
v -1.076783 8.014503 -6.166571
v -1.076783 8.054632 -6.174554
v -0.083321 8.038204 -6.152279
v -0.109654 8.054632 -6.174554
v -0.109654 8.014503 -6.166571
v -1.103116 8.111830 -6.159531
v -1.076783 8.091372 -6.178172
v -1.076783 8.132288 -6.178172
v -0.083321 8.111830 -6.159531
v -0.109654 8.132288 -6.178172
v -0.109654 8.091372 -6.178172
v -1.103116 8.185456 -6.152279
v -1.076783 8.169028 -6.174554
v -1.076783 8.209157 -6.166571
v -0.083321 8.185456 -6.152279
v -0.109654 8.209157 -6.166571
v -0.109654 8.169028 -6.174554
v -1.103116 8.256252 -6.130804
v -1.076783 8.244486 -6.155855
v -1.076783 8.282287 -6.140197
v -0.083321 8.256252 -6.130804
v -0.109654 8.282287 -6.140197
v -0.109654 8.244486 -6.155855
v -1.103116 8.321499 -6.095929
v -1.076783 8.314845 -6.122794
v -1.076783 8.348865 -6.100063
v -0.083321 8.321499 -6.095929
v -0.109654 8.348866 -6.100063
v -0.109654 8.314845 -6.122794
v -1.103116 8.378688 -6.048995
v -1.076783 8.377403 -6.076642
v -1.076783 8.406335 -6.047710
v -0.083321 8.378688 -6.048995
v -0.109654 8.406335 -6.047710
v -0.109654 8.377403 -6.076642
v -1.103116 8.425621 -5.991806
v -1.076783 8.429755 -6.019172
v -1.076783 8.452487 -5.985152
v -0.083321 8.425621 -5.991806
v -0.109654 8.452487 -5.985152
v -0.109654 8.429755 -6.019172
v -1.103116 8.460496 -5.926559
v -1.076783 8.469890 -5.952593
v -1.076783 8.485547 -5.914793
v -0.083321 8.460496 -5.926559
v -0.109654 8.485547 -5.914793
v -0.109654 8.469890 -5.952593
v -1.103116 8.481972 -5.855763
v -1.076783 8.496264 -5.879465
v -1.076783 8.504246 -5.839335
v -0.083321 8.481973 -5.855763
v -0.109654 8.504247 -5.839335
v -0.109654 8.496264 -5.879465
v -1.103116 8.489223 -5.782137
v -1.076783 8.507865 -5.802595
v -1.076783 8.507865 -5.761680
v -0.083321 8.489223 -5.782137
v -0.109654 8.507865 -5.761680
v -0.109654 8.507865 -5.802595
v -1.103116 8.481972 -5.708511
v -1.076783 8.504246 -5.724939
v -1.076783 8.496264 -5.684810
v -0.083321 8.481973 -5.708511
v -0.109654 8.496264 -5.684810
v -0.109654 8.504247 -5.724939
v -1.103116 8.460496 -5.637715
v -1.076783 8.485547 -5.649481
v -1.076783 8.469890 -5.611681
v -0.083321 8.460496 -5.637715
v -0.109654 8.469890 -5.611681
v -0.109654 8.485547 -5.649481
v -1.103116 8.425621 -5.572468
v -1.076783 8.452487 -5.579122
v -1.076783 8.429755 -5.545102
v -0.083321 8.425621 -5.572468
v -0.109654 8.429755 -5.545102
v -0.109654 8.452487 -5.579122
v -1.103116 8.378688 -5.515279
v -1.076783 8.406335 -5.516564
v -1.076783 8.377403 -5.487632
v -0.083321 8.378688 -5.515279
v -0.109654 8.377403 -5.487632
v -0.109654 8.406335 -5.516564
v -1.103116 8.321499 -5.468346
v -1.076783 8.348865 -5.464212
v -1.076783 8.314845 -5.441481
v -0.083321 8.321499 -5.468346
v -0.109654 8.314845 -5.441481
v -0.109654 8.348866 -5.464212
v -1.103116 8.256252 -5.433471
v -1.076783 8.282287 -5.424078
v -1.076783 8.244486 -5.408420
v -0.083321 8.256252 -5.433471
v -0.109654 8.244486 -5.408420
v -0.109654 8.282287 -5.424078
v -1.103116 8.185456 -5.411995
v -1.076783 8.209157 -5.397703
v -1.076783 8.169028 -5.389721
v -0.083321 8.185456 -5.411995
v -0.109654 8.169028 -5.389721
v -0.109654 8.209157 -5.397703
v -0.382698 7.562054 -0.694497
v -0.564557 7.556468 -6.223799
v -0.410069 8.618366 -0.693613
v -0.564557 8.630157 -6.223799
v 0.257126 7.562054 -0.694497
v -0.002910 7.556468 -6.223799
v 0.229754 8.618366 -0.693613
v -0.002910 8.630157 -6.223799
v -0.495123 7.748101 -3.499181
v -0.495123 8.438522 -3.499181
v 0.139992 8.438522 -3.499181
v 0.139992 7.748101 -3.499181
v -0.397447 7.703301 -4.713356
v -0.497142 8.483322 -2.285006
v 0.149176 8.483322 -2.285006
v 0.149176 7.703301 -2.285006
v -0.497143 7.703301 -2.285006
v -0.397447 8.483322 -4.713356
v 0.150599 8.483322 -4.713356
v 0.150599 7.703301 -4.713356
v -0.564557 8.093311 -6.382198
v -0.002910 8.093311 -6.382198
v -0.371667 8.047520 -0.548876
v 0.268157 8.047520 -0.548876
v -0.292413 8.095267 -0.659191
v -0.269402 8.119979 -0.636674
v -0.269402 8.070557 -0.636674
v 0.598712 8.095268 -0.659191
v 0.575701 8.070557 -0.636674
v 0.575701 8.119979 -0.636674
v -0.292413 8.006335 -0.667950
v -0.269402 8.026178 -0.641045
v -0.269402 7.977706 -0.650687
v 0.598712 8.006335 -0.667950
v 0.575701 7.977706 -0.650687
v 0.575701 8.026178 -0.641045
v -0.292413 7.920820 -0.693891
v -0.269402 7.935032 -0.663632
v -0.269402 7.889373 -0.682545
v 0.598712 7.920820 -0.693891
v 0.575701 7.889373 -0.682545
v 0.575701 7.935032 -0.663632
v -0.292413 7.842008 -0.736017
v -0.269402 7.850045 -0.703566
v -0.269402 7.808952 -0.731023
v 0.598712 7.842008 -0.736017
v 0.575701 7.808952 -0.731023
v 0.575701 7.850045 -0.703566
v -0.292413 7.772930 -0.792708
v -0.269402 7.774481 -0.759313
v -0.269402 7.739534 -0.794259
v 0.598712 7.772930 -0.792708
v 0.575701 7.739534 -0.794259
v 0.575701 7.774481 -0.759313
v -0.292413 7.716238 -0.861787
v -0.269402 7.711245 -0.828731
v -0.269402 7.683787 -0.869823
v 0.598712 7.716238 -0.861787
v 0.575701 7.683787 -0.869823
v 0.575701 7.711245 -0.828731
v -0.292413 7.674112 -0.940598
v -0.269402 7.662766 -0.909151
v -0.269402 7.643853 -0.954811
v 0.598712 7.674112 -0.940598
v 0.575701 7.643853 -0.954811
v 0.575701 7.662766 -0.909151
v -0.292413 7.648171 -1.026113
v -0.269402 7.630908 -0.997484
v -0.269402 7.621267 -1.045957
v 0.598712 7.648172 -1.026113
v 0.575701 7.621267 -1.045957
v 0.575701 7.630908 -0.997484
v -0.292413 7.639412 -1.115046
v -0.269402 7.616896 -1.090336
v -0.269402 7.616896 -1.139757
v 0.598712 7.639412 -1.115046
v 0.575701 7.616896 -1.139757
v 0.575701 7.616896 -1.090336
v -0.292413 7.648171 -1.203979
v -0.269402 7.621267 -1.184136
v -0.269402 7.630908 -1.232608
v 0.598712 7.648172 -1.203979
v 0.575701 7.630908 -1.232608
v 0.575701 7.621267 -1.184136
v -0.292413 7.674112 -1.289495
v -0.269402 7.643853 -1.275281
v -0.269402 7.662766 -1.320941
v 0.598712 7.674112 -1.289495
v 0.575701 7.662766 -1.320941
v 0.575701 7.643853 -1.275281
v -0.292413 7.716238 -1.368306
v -0.269402 7.683787 -1.360269
v -0.269402 7.711245 -1.401362
v 0.598712 7.716238 -1.368306
v 0.575701 7.711245 -1.401362
v 0.575701 7.683787 -1.360269
v -0.292413 7.772930 -1.437384
v -0.269402 7.739534 -1.435833
v -0.269402 7.774481 -1.470779
v 0.598712 7.772930 -1.437384
v 0.575701 7.774481 -1.470779
v 0.575701 7.739534 -1.435833
v -0.292413 7.842008 -1.494076
v -0.269402 7.808952 -1.499069
v -0.269402 7.850045 -1.526527
v 0.598712 7.842008 -1.494076
v 0.575701 7.850045 -1.526527
v 0.575701 7.808952 -1.499069
v -0.292413 7.920820 -1.536201
v -0.269402 7.889373 -1.547548
v -0.269402 7.935032 -1.566461
v 0.598712 7.920820 -1.536201
v 0.575701 7.935032 -1.566461
v 0.575701 7.889373 -1.547548
v -0.292413 8.006335 -1.562142
v -0.269402 7.977706 -1.579405
v -0.269402 8.026178 -1.589047
v 0.598712 8.006335 -1.562142
v 0.575701 8.026178 -1.589047
v 0.575701 7.977706 -1.579405
v -0.292413 8.095267 -1.570902
v -0.269402 8.070557 -1.593418
v -0.269402 8.119979 -1.593418
v 0.598712 8.095268 -1.570902
v 0.575701 8.119979 -1.593418
v 0.575701 8.070557 -1.593418
v -0.292413 8.184200 -1.562142
v -0.269402 8.164357 -1.589047
v -0.269402 8.212830 -1.579405
v 0.598712 8.184201 -1.562142
v 0.575701 8.212830 -1.579405
v 0.575701 8.164357 -1.589047
v -0.292413 8.269716 -1.536201
v -0.269402 8.255503 -1.566461
v -0.269402 8.301163 -1.547548
v 0.598712 8.269716 -1.536201
v 0.575701 8.301163 -1.547548
v 0.575701 8.255503 -1.566461
v -0.292413 8.348528 -1.494076
v -0.269402 8.340490 -1.526527
v -0.269402 8.381583 -1.499069
v 0.598712 8.348528 -1.494076
v 0.575701 8.381583 -1.499069
v 0.575701 8.340490 -1.526527
v -0.292413 8.417606 -1.437384
v -0.269402 8.416055 -1.470779
v -0.269402 8.451001 -1.435833
v 0.598711 8.417606 -1.437384
v 0.575701 8.451001 -1.435833
v 0.575701 8.416055 -1.470779
v -0.292413 8.474298 -1.368306
v -0.269402 8.479291 -1.401362
v -0.269402 8.506748 -1.360269
v 0.598711 8.474298 -1.368306
v 0.575701 8.506748 -1.360269
v 0.575701 8.479291 -1.401362
v -0.292413 8.516423 -1.289495
v -0.269402 8.527769 -1.320941
v -0.269402 8.546682 -1.275281
v 0.598711 8.516423 -1.289495
v 0.575701 8.546682 -1.275281
v 0.575701 8.527769 -1.320941
v -0.292413 8.542364 -1.203979
v -0.269402 8.559628 -1.232608
v -0.269402 8.569269 -1.184136
v 0.598711 8.542364 -1.203979
v 0.575701 8.569269 -1.184136
v 0.575701 8.559628 -1.232608
v -0.292413 8.551123 -1.115046
v -0.269402 8.573640 -1.139757
v -0.269402 8.573640 -1.090336
v 0.598711 8.551123 -1.115046
v 0.575701 8.573640 -1.090336
v 0.575701 8.573640 -1.139757
v -0.292413 8.542364 -1.026113
v -0.269402 8.569269 -1.045957
v -0.269402 8.559627 -0.997484
v 0.598711 8.542364 -1.026113
v 0.575701 8.559628 -0.997484
v 0.575701 8.569269 -1.045957
v -0.292413 8.516423 -0.940598
v -0.269402 8.546682 -0.954811
v -0.269402 8.527769 -0.909151
v 0.598711 8.516423 -0.940598
v 0.575701 8.527769 -0.909151
v 0.575701 8.546682 -0.954811
v -0.292413 8.474298 -0.861787
v -0.269402 8.506748 -0.869823
v -0.269402 8.479291 -0.828731
v 0.598711 8.474298 -0.861787
v 0.575701 8.479291 -0.828731
v 0.575701 8.506748 -0.869823
v -0.292413 8.417606 -0.792708
v -0.269402 8.451001 -0.794259
v -0.269402 8.416055 -0.759313
v 0.598711 8.417606 -0.792708
v 0.575701 8.416055 -0.759313
v 0.575701 8.451001 -0.794259
v -0.292413 8.348528 -0.736017
v -0.269402 8.381583 -0.731023
v -0.269402 8.340490 -0.703566
v 0.598712 8.348528 -0.736017
v 0.575701 8.340490 -0.703566
v 0.575701 8.381583 -0.731023
v -0.292413 8.269716 -0.693891
v -0.269402 8.301163 -0.682545
v -0.269402 8.255503 -0.663632
v 0.598712 8.269716 -0.693891
v 0.575701 8.255503 -0.663632
v 0.575701 8.301163 -0.682545
v -0.292413 8.184200 -0.667950
v -0.269402 8.212830 -0.650687
v -0.269402 8.164357 -0.641045
v 0.598712 8.184201 -0.667950
v 0.575701 8.164357 -0.641045
v 0.575701 8.212830 -0.650687
vn -0.5778 -0.0000 0.8162
vn 0.5778 -0.0000 0.8162
vn -0.5778 -0.1592 0.8005
vn 0.5778 -0.1592 0.8005
vn -0.5778 -0.3123 0.7541
vn 0.5778 -0.3123 0.7541
vn -0.5778 -0.4535 0.6786
vn 0.5778 -0.4535 0.6786
vn -0.5778 -0.5771 0.5771
vn 0.5778 -0.5771 0.5771
vn -0.5778 -0.6786 0.4535
vn 0.5778 -0.6786 0.4535
vn -0.5778 -0.7541 0.3123
vn 0.5778 -0.7541 0.3123
vn -0.5778 -0.8005 0.1592
vn 0.5778 -0.8005 0.1592
vn -0.5778 -0.8162 -0.0000
vn 0.5778 -0.8162 -0.0000
vn -0.5778 -0.8005 -0.1592
vn 0.5778 -0.8005 -0.1592
vn -0.5778 -0.7541 -0.3123
vn 0.5778 -0.7541 -0.3123
vn -0.5778 -0.6786 -0.4535
vn 0.5778 -0.6786 -0.4534
vn -0.5778 -0.5771 -0.5771
vn 0.5778 -0.5771 -0.5771
vn -0.5778 -0.4534 -0.6786
vn 0.5778 -0.4534 -0.6786
vn -0.5778 -0.3123 -0.7541
vn 0.5778 -0.3123 -0.7541
vn -0.5778 -0.1592 -0.8005
vn 0.5778 -0.1592 -0.8005
vn -0.5778 -0.0000 -0.8162
vn 0.5778 -0.0000 -0.8162
vn -0.5778 0.1592 -0.8005
vn 0.5778 0.1592 -0.8005
vn -0.5778 0.3123 -0.7541
vn 0.5778 0.3123 -0.7541
vn -0.5778 0.4534 -0.6786
vn 0.5778 0.4534 -0.6786
vn -0.5778 0.5771 -0.5771
vn 0.5778 0.5771 -0.5771
vn -0.5778 0.6786 -0.4535
vn 0.5778 0.6786 -0.4535
vn -0.5778 0.7541 -0.3123
vn 0.5778 0.7541 -0.3123
vn -0.5778 0.8005 -0.1592
vn 0.5778 0.8005 -0.1592
vn -0.5778 0.8162 -0.0000
vn 0.5778 0.8162 -0.0000
vn -0.5778 0.8005 0.1592
vn 0.5778 0.8005 0.1592
vn -0.5778 0.7541 0.3123
vn 0.5778 0.7541 0.3123
vn -0.5778 0.6786 0.4534
vn 0.5778 0.6786 0.4535
vn -0.5778 0.5771 0.5771
vn 0.5778 0.5771 0.5771
vn -0.5778 0.4534 0.6786
vn 0.5778 0.4535 0.6786
vn -0.5778 0.3123 0.7541
vn 0.5778 0.3123 0.7541
vn -0.5778 0.1592 0.8005
vn 0.5778 0.1592 0.8005
vn -0.6153 -0.0773 0.7845
vn 0.6154 -0.0773 0.7845
vn -0.0000 -0.0000 1.0000
vn -0.0000 -0.1951 0.9808
vn -0.6153 -0.2288 0.7543
vn 0.6153 -0.2288 0.7543
vn -0.0000 -0.3827 0.9239
vn -0.6153 -0.3716 0.6952
vn 0.6153 -0.3716 0.6952
vn -0.0000 -0.5556 0.8315
vn -0.6153 -0.5001 0.6093
vn 0.6153 -0.5001 0.6093
vn -0.0000 -0.7071 0.7071
vn -0.6153 -0.6093 0.5001
vn 0.6153 -0.6093 0.5001
vn -0.0000 -0.8315 0.5556
vn -0.6153 -0.6952 0.3716
vn 0.6153 -0.6952 0.3716
vn -0.0000 -0.9239 0.3827
vn -0.6153 -0.7543 0.2288
vn 0.6153 -0.7543 0.2288
vn -0.0000 -0.9808 0.1951
vn -0.6153 -0.7845 0.0773
vn 0.6153 -0.7845 0.0773
vn -0.0000 -1.0000 -0.0000
vn -0.6153 -0.7845 -0.0773
vn 0.6153 -0.7845 -0.0773
vn -0.0000 -0.9808 -0.1951
vn -0.6153 -0.7543 -0.2288
vn 0.6153 -0.7543 -0.2288
vn -0.0000 -0.9239 -0.3827
vn -0.6153 -0.6952 -0.3716
vn 0.6153 -0.6952 -0.3716
vn -0.0000 -0.8315 -0.5556
vn -0.6153 -0.6093 -0.5001
vn 0.6153 -0.6093 -0.5001
vn -0.0000 -0.7071 -0.7071
vn -0.6153 -0.5001 -0.6093
vn 0.6153 -0.5001 -0.6093
vn -0.0000 -0.5556 -0.8315
vn -0.6153 -0.3716 -0.6952
vn 0.6153 -0.3716 -0.6952
vn -0.0000 -0.3827 -0.9239
vn -0.6153 -0.2288 -0.7543
vn 0.6153 -0.2288 -0.7543
vn -0.0000 -0.1951 -0.9808
vn -0.6153 -0.0773 -0.7845
vn 0.6153 -0.0773 -0.7845
vn -0.0000 -0.0000 -1.0000
vn -0.6153 0.0773 -0.7845
vn 0.6153 0.0773 -0.7845
vn -0.0000 0.1951 -0.9808
vn -0.6153 0.2288 -0.7543
vn 0.6153 0.2288 -0.7543
vn -0.0000 0.3827 -0.9239
vn -0.6153 0.3716 -0.6952
vn 0.6153 0.3716 -0.6952
vn -0.0000 0.5556 -0.8315
vn -0.6153 0.5001 -0.6093
vn 0.6153 0.5001 -0.6093
vn -0.0000 0.7071 -0.7071
vn -0.6153 0.6093 -0.5001
vn 0.6153 0.6093 -0.5001
vn -0.0000 0.8315 -0.5556
vn -0.6154 0.6952 -0.3716
vn 0.6153 0.6952 -0.3716
vn -0.0000 0.9239 -0.3827
vn -0.6153 0.7543 -0.2288
vn 0.6153 0.7543 -0.2288
vn -0.0000 0.9808 -0.1951
vn -0.6153 0.7845 -0.0773
vn 0.6153 0.7845 -0.0773
vn -0.0000 1.0000 -0.0000
vn -0.6153 0.7845 0.0773
vn 0.6153 0.7845 0.0773
vn -0.0000 0.9808 0.1951
vn -0.6153 0.7543 0.2288
vn 0.6153 0.7543 0.2288
vn -0.0000 0.9239 0.3827
vn -0.6153 0.6952 0.3716
vn 0.6153 0.6952 0.3716
vn -0.0000 0.8315 0.5556
vn -0.6153 0.6093 0.5001
vn 0.6153 0.6093 0.5001
vn -0.0000 0.7071 0.7071
vn -0.6153 0.5001 0.6093
vn 0.6153 0.5001 0.6093
vn -0.0000 0.5556 0.8315
vn -0.6153 0.3716 0.6952
vn 0.6153 0.3716 0.6952
vn -0.0000 0.3827 0.9239
vn -0.6153 0.2288 0.7543
vn 0.6153 0.2288 0.7543
vn -0.0000 0.1951 0.9808
vn -0.6153 0.0773 0.7845
vn 0.6153 0.0773 0.7845
vn -1.0000 -0.0000 -0.0000
vn -0.0000 -0.0980 0.9952
vn -0.0000 0.0980 0.9952
vn 1.0000 -0.0000 -0.0000
vn -0.0000 -0.2903 0.9569
vn -0.0000 -0.4714 0.8819
vn -0.0000 -0.6344 0.7730
vn -0.0000 -0.7730 0.6344
vn -0.0000 -0.8819 0.4714
vn -0.0000 -0.9569 0.2903
vn -0.0000 -0.9952 0.0980
vn -0.0000 -0.9952 -0.0980
vn -0.0000 -0.9569 -0.2903
vn -0.0000 -0.8819 -0.4714
vn -0.0000 -0.7730 -0.6344
vn -0.0000 -0.6344 -0.7730
vn -0.0000 -0.4714 -0.8819
vn -0.0000 -0.2903 -0.9569
vn -0.0000 -0.0980 -0.9952
vn -0.0000 0.0980 -0.9952
vn -0.0000 0.2903 -0.9569
vn -0.0000 0.4714 -0.8819
vn -0.0000 0.6344 -0.7730
vn -0.0000 0.7730 -0.6344
vn -0.0000 0.8819 -0.4714
vn -0.0000 0.9569 -0.2903
vn -0.0000 0.9952 -0.0980
vn -0.0000 0.9952 0.0980
vn -0.0000 0.9569 0.2903
vn -0.0000 0.8819 0.4714
vn -0.0000 0.7730 0.6344
vn -0.0000 0.6344 0.7730
vn -0.0000 0.4714 0.8819
vn -0.0000 0.2903 0.9569
vn -0.9946 -0.0000 0.1037
vn -0.0000 0.9953 0.0968
vn 0.9954 -0.0000 -0.0954
vn -0.0000 -0.9953 0.0968
vn -0.0000 -0.2873 0.9578
vn -0.0000 -0.2830 -0.9591
vn -0.0000 -0.9993 -0.0369
vn 1.0000 -0.0000 -0.0076
vn -0.0000 0.9993 -0.0369
vn -1.0000 -0.0000 -0.0017
vn -0.9976 -0.0155 0.0681
vn -0.0000 0.9964 -0.0846
vn 0.9978 0.0155 -0.0642
vn -0.0000 -0.9961 -0.0885
vn -0.0000 -0.9993 0.0369
vn 1.0000 -0.0000 0.0087
vn -0.0000 0.9993 0.0369
vn -0.9968 -0.0000 -0.0802
vn -0.0000 0.2830 -0.9591
vn -0.0000 0.2458 0.9693
vn -0.6994 -0.0000 0.7147
vn 0.6994 -0.0000 0.7147
vn -0.6994 -0.1394 0.7010
vn 0.6994 -0.1394 0.7010
vn -0.6994 -0.2735 0.6603
vn 0.6994 -0.2735 0.6603
vn -0.6994 -0.3971 0.5943
vn 0.6994 -0.3971 0.5943
vn -0.6994 -0.5054 0.5054
vn 0.6994 -0.5054 0.5054
vn -0.6994 -0.5943 0.3971
vn 0.6994 -0.5943 0.3971
vn -0.6994 -0.6603 0.2735
vn 0.6994 -0.6603 0.2735
vn -0.6994 -0.7010 0.1394
vn 0.6994 -0.7010 0.1394
vn -0.6994 -0.7147 -0.0000
vn 0.6994 -0.7147 -0.0000
vn -0.6994 -0.7010 -0.1394
vn 0.6994 -0.7010 -0.1394
vn -0.6994 -0.6603 -0.2735
vn 0.6994 -0.6603 -0.2735
vn -0.6994 -0.5943 -0.3971
vn 0.6994 -0.5943 -0.3971
vn -0.6994 -0.5054 -0.5054
vn 0.6994 -0.5054 -0.5054
vn -0.6994 -0.3971 -0.5943
vn 0.6994 -0.3971 -0.5943
vn -0.6994 -0.2735 -0.6603
vn 0.6994 -0.2735 -0.6603
vn -0.6994 -0.1394 -0.7010
vn 0.6994 -0.1394 -0.7010
vn -0.6994 -0.0000 -0.7147
vn 0.6994 -0.0000 -0.7147
vn -0.6994 0.1394 -0.7010
vn 0.6994 0.1394 -0.7010
vn -0.6994 0.2735 -0.6603
vn 0.6994 0.2735 -0.6603
vn -0.6994 0.3971 -0.5943
vn 0.6994 0.3971 -0.5943
vn -0.6994 0.5054 -0.5054
vn 0.6994 0.5054 -0.5054
vn -0.6994 0.5943 -0.3971
vn 0.6994 0.5943 -0.3971
vn -0.6994 0.6603 -0.2735
vn 0.6994 0.6603 -0.2735
vn -0.6994 0.7010 -0.1394
vn 0.6994 0.7010 -0.1394
vn -0.6994 0.7147 -0.0000
vn 0.6994 0.7147 -0.0000
vn -0.6994 0.7010 0.1394
vn 0.6994 0.7010 0.1394
vn -0.6994 0.6603 0.2735
vn 0.6994 0.6603 0.2735
vn -0.6994 0.5943 0.3971
vn 0.6994 0.5943 0.3971
vn -0.6994 0.5054 0.5054
vn 0.6994 0.5054 0.5054
vn -0.6994 0.3971 0.5943
vn 0.6994 0.3971 0.5943
vn -0.6994 0.2735 0.6603
vn 0.6994 0.2735 0.6603
vn -0.6994 0.1394 0.7010
vn 0.6994 0.1394 0.7010
vn -0.7335 -0.0666 0.6764
vn 0.7335 -0.0666 0.6764
vn -0.7335 -0.1973 0.6504
vn 0.7335 -0.1973 0.6505
vn -0.7335 -0.3204 0.5995
vn 0.7335 -0.3204 0.5994
vn -0.7335 -0.4312 0.5254
vn 0.7335 -0.4312 0.5254
vn -0.7335 -0.5254 0.4312
vn 0.7335 -0.5254 0.4312
vn -0.7335 -0.5995 0.3204
vn 0.7335 -0.5995 0.3204
vn -0.7335 -0.6504 0.1973
vn 0.7335 -0.6504 0.1973
vn -0.7335 -0.6764 0.0666
vn 0.7335 -0.6764 0.0666
vn -0.7335 -0.6764 -0.0666
vn 0.7335 -0.6764 -0.0666
vn -0.7335 -0.6504 -0.1973
vn 0.7335 -0.6504 -0.1973
vn -0.7335 -0.5995 -0.3204
vn 0.7335 -0.5995 -0.3204
vn -0.7335 -0.5254 -0.4312
vn 0.7335 -0.5254 -0.4312
vn -0.7335 -0.4312 -0.5254
vn 0.7335 -0.4312 -0.5254
vn -0.7335 -0.3204 -0.5995
vn 0.7335 -0.3204 -0.5995
vn -0.7335 -0.1973 -0.6504
vn 0.7335 -0.1973 -0.6504
vn -0.7335 -0.0666 -0.6764
vn 0.7335 -0.0666 -0.6764
vn -0.7335 0.0666 -0.6764
vn 0.7335 0.0666 -0.6764
vn -0.7335 0.1973 -0.6504
vn 0.7335 0.1973 -0.6504
vn -0.7335 0.3204 -0.5995
vn 0.7335 0.3204 -0.5995
vn -0.7335 0.4312 -0.5254
vn 0.7335 0.4312 -0.5254
vn -0.7335 0.5254 -0.4312
vn 0.7335 0.5254 -0.4312
vn -0.7335 0.5995 -0.3204
vn 0.7335 0.5995 -0.3204
vn -0.7335 0.6504 -0.1973
vn 0.7335 0.6504 -0.1973
vn -0.7335 0.6764 -0.0666
vn 0.7335 0.6764 -0.0666
vn -0.7335 0.6764 0.0666
vn 0.7335 0.6764 0.0666
vn -0.7335 0.6504 0.1973
vn 0.7335 0.6504 0.1973
vn -0.7335 0.5995 0.3204
vn 0.7335 0.5995 0.3204
vn -0.7335 0.5254 0.4312
vn 0.7335 0.5254 0.4312
vn -0.7335 0.4312 0.5254
vn 0.7335 0.4312 0.5254
vn -0.7335 0.3204 0.5995
vn 0.7335 0.3204 0.5995
vn -0.7335 0.1973 0.6504
vn 0.7335 0.1973 0.6505
vn -0.7335 0.0666 0.6764
vn 0.7335 0.0666 0.6764
vt 0.750000 0.477546
vt 0.737665 0.488785
vt 0.762335 0.488785
vt 0.250000 0.477546
vt 0.262335 0.488785
vt 0.237665 0.488785
vt 0.794392 0.473174
vt 0.784487 0.486603
vt 0.808682 0.481791
vt 0.294392 0.473174
vt 0.308682 0.481791
vt 0.284487 0.486603
vt 0.837078 0.460225
vt 0.829983 0.475329
vt 0.852775 0.465888
vt 0.337078 0.460225
vt 0.352775 0.465888
vt 0.329983 0.475329
vt 0.876418 0.439197
vt 0.872406 0.455395
vt 0.892918 0.441690
vt 0.376418 0.439197
vt 0.392918 0.441690
vt 0.372406 0.455395
vt 0.910899 0.410899
vt 0.910125 0.427569
vt 0.927569 0.410125
vt 0.410899 0.410899
vt 0.427569 0.410125
vt 0.410125 0.427568
vt 0.939197 0.376418
vt 0.941690 0.392918
vt 0.955395 0.372406
vt 0.439197 0.376418
vt 0.455395 0.372406
vt 0.441690 0.392918
vt 0.960225 0.337078
vt 0.965888 0.352775
vt 0.975329 0.329983
vt 0.460225 0.337078
vt 0.475329 0.329983
vt 0.465888 0.352775
vt 0.973174 0.294392
vt 0.981791 0.308682
vt 0.986603 0.284487
vt 0.473173 0.294392
vt 0.486603 0.284487
vt 0.481791 0.308682
vt 0.977546 0.250000
vt 0.988785 0.262335
vt 0.988785 0.237665
vt 0.477546 0.250000
vt 0.488785 0.237665
vt 0.488785 0.262335
vt 0.973174 0.205608
vt 0.986603 0.215513
vt 0.981791 0.191318
vt 0.473173 0.205608
vt 0.481791 0.191318
vt 0.486603 0.215513
vt 0.960225 0.162922
vt 0.975329 0.170017
vt 0.965888 0.147225
vt 0.460225 0.162922
vt 0.465888 0.147225
vt 0.475329 0.170017
vt 0.939197 0.123582
vt 0.955395 0.127594
vt 0.941690 0.107082
vt 0.439197 0.123582
vt 0.441690 0.107082
vt 0.455395 0.127594
vt 0.910899 0.089101
vt 0.927569 0.089875
vt 0.910125 0.072431
vt 0.410899 0.089101
vt 0.410125 0.072431
vt 0.427568 0.089875
vt 0.876418 0.060803
vt 0.892918 0.058310
vt 0.872406 0.044605
vt 0.376418 0.060803
vt 0.372406 0.044605
vt 0.392918 0.058310
vt 0.837078 0.039775
vt 0.852775 0.034112
vt 0.829983 0.024671
vt 0.337078 0.039775
vt 0.329983 0.024671
vt 0.352775 0.034112
vt 0.794392 0.026827
vt 0.808682 0.018209
vt 0.784487 0.013397
vt 0.294392 0.026827
vt 0.284487 0.013397
vt 0.308682 0.018209
vt 0.750000 0.022454
vt 0.762335 0.011215
vt 0.737665 0.011215
vt 0.250000 0.022454
vt 0.237665 0.011215
vt 0.262335 0.011215
vt 0.705608 0.026827
vt 0.715513 0.013397
vt 0.691318 0.018209
vt 0.205608 0.026827
vt 0.191318 0.018209
vt 0.215513 0.013397
vt 0.662922 0.039775
vt 0.670017 0.024671
vt 0.647225 0.034112
vt 0.162922 0.039775
vt 0.147225 0.034112
vt 0.170017 0.024671
vt 0.623582 0.060803
vt 0.627594 0.044605
vt 0.607082 0.058310
vt 0.123582 0.060803
vt 0.107082 0.058310
vt 0.127594 0.044605
vt 0.589101 0.089101
vt 0.589875 0.072431
vt 0.572431 0.089875
vt 0.089101 0.089101
vt 0.072431 0.089875
vt 0.089875 0.072431
vt 0.560803 0.123582
vt 0.558310 0.107082
vt 0.544605 0.127594
vt 0.060803 0.123582
vt 0.044605 0.127594
vt 0.058310 0.107082
vt 0.539775 0.162922
vt 0.534112 0.147225
vt 0.524671 0.170017
vt 0.039775 0.162922
vt 0.024671 0.170017
vt 0.034112 0.147225
vt 0.526827 0.205608
vt 0.518209 0.191318
vt 0.513397 0.215513
vt 0.026827 0.205608
vt 0.013397 0.215513
vt 0.018209 0.191318
vt 0.522454 0.250000
vt 0.511215 0.237665
vt 0.511215 0.262335
vt 0.022454 0.250000
vt 0.011215 0.262335
vt 0.011215 0.237665
vt 0.526827 0.294392
vt 0.513397 0.284487
vt 0.518209 0.308682
vt 0.026827 0.294392
vt 0.018209 0.308682
vt 0.013397 0.284487
vt 0.539775 0.337078
vt 0.524671 0.329983
vt 0.534112 0.352775
vt 0.039775 0.337078
vt 0.034112 0.352775
vt 0.024671 0.329983
vt 0.560803 0.376418
vt 0.544605 0.372406
vt 0.558310 0.392918
vt 0.060803 0.376418
vt 0.058310 0.392918
vt 0.044605 0.372406
vt 0.589101 0.410899
vt 0.572431 0.410125
vt 0.589875 0.427568
vt 0.089101 0.410899
vt 0.089875 0.427569
vt 0.072431 0.410125
vt 0.623582 0.439197
vt 0.607082 0.441690
vt 0.627594 0.455395
vt 0.123582 0.439197
vt 0.127594 0.455395
vt 0.107082 0.441690
vt 0.662922 0.460225
vt 0.647225 0.465888
vt 0.670017 0.475329
vt 0.162922 0.460225
vt 0.170017 0.475329
vt 0.147225 0.465888
vt 0.705608 0.473174
vt 0.691318 0.481791
vt 0.715513 0.486603
vt 0.205608 0.473173
vt 0.215513 0.486603
vt 0.191318 0.481791
vt 0.008232 0.512911
vt 0.008232 0.987089
vt 0.000000 0.987089
vt 0.000000 0.512911
vt 0.960518 0.987089
vt 0.960518 0.512911
vt 0.976982 0.512911
vt 0.976982 0.987089
vt 0.929267 0.987089
vt 0.929267 0.512911
vt 0.945732 0.512911
vt 0.945732 0.987089
vt 0.898017 0.987089
vt 0.898017 0.512911
vt 0.914482 0.512911
vt 0.914482 0.987089
vt 0.866768 0.987089
vt 0.866768 0.512911
vt 0.883232 0.512911
vt 0.883233 0.987089
vt 0.835517 0.987089
vt 0.835518 0.512911
vt 0.851982 0.512911
vt 0.851982 0.987089
vt 0.804267 0.987089
vt 0.804267 0.512911
vt 0.820732 0.512911
vt 0.820732 0.987089
vt 0.773017 0.987089
vt 0.773018 0.512911
vt 0.789482 0.512911
vt 0.789483 0.987089
vt 0.741767 0.987089
vt 0.741767 0.512911
vt 0.758232 0.512911
vt 0.758233 0.987089
vt 0.710518 0.987089
vt 0.710518 0.512911
vt 0.726982 0.512911
vt 0.726982 0.987089
vt 0.679267 0.987089
vt 0.679267 0.512911
vt 0.695732 0.512911
vt 0.695732 0.987089
vt 0.648017 0.987089
vt 0.648017 0.512911
vt 0.664482 0.512911
vt 0.664482 0.987089
vt 0.616768 0.987089
vt 0.616767 0.512911
vt 0.633232 0.512911
vt 0.633232 0.987089
vt 0.585517 0.987089
vt 0.585517 0.512911
vt 0.601982 0.512911
vt 0.601982 0.987089
vt 0.554268 0.987089
vt 0.554268 0.512911
vt 0.570732 0.512911
vt 0.570732 0.987089
vt 0.523017 0.987089
vt 0.523018 0.512911
vt 0.539482 0.512911
vt 0.539482 0.987089
vt 0.491768 0.987089
vt 0.491767 0.512911
vt 0.508232 0.512911
vt 0.508233 0.987089
vt 0.460518 0.987089
vt 0.460518 0.512911
vt 0.476982 0.512911
vt 0.476982 0.987089
vt 0.429267 0.987089
vt 0.429268 0.512911
vt 0.445732 0.512911
vt 0.445733 0.987089
vt 0.398017 0.987089
vt 0.398017 0.512911
vt 0.414482 0.512911
vt 0.414482 0.987089
vt 0.366768 0.987089
vt 0.366768 0.512911
vt 0.383232 0.512911
vt 0.383232 0.987089
vt 0.335517 0.987089
vt 0.335517 0.512911
vt 0.351982 0.512911
vt 0.351982 0.987089
vt 0.304267 0.987089
vt 0.304267 0.512911
vt 0.320732 0.512911
vt 0.320732 0.987089
vt 0.273017 0.987089
vt 0.273018 0.512911
vt 0.289482 0.512911
vt 0.289482 0.987089
vt 0.241768 0.987089
vt 0.241768 0.512911
vt 0.258232 0.512911
vt 0.258233 0.987089
vt 0.210518 0.987089
vt 0.210518 0.512911
vt 0.226982 0.512911
vt 0.226982 0.987089
vt 0.179267 0.987089
vt 0.179267 0.512911
vt 0.195732 0.512911
vt 0.195732 0.987089
vt 0.148017 0.987089
vt 0.148017 0.512911
vt 0.164482 0.512911
vt 0.164482 0.987089
vt 0.116768 0.987089
vt 0.116768 0.512911
vt 0.133232 0.512911
vt 0.133232 0.987089
vt 0.085518 0.987089
vt 0.085518 0.512911
vt 0.101982 0.512911
vt 0.101982 0.987089
vt 0.054268 0.987089
vt 0.054268 0.512911
vt 0.070732 0.512911
vt 0.070732 0.987089
vt 0.023018 0.987089
vt 0.023018 0.512911
vt 0.039482 0.512911
vt 0.039482 0.987089
vt 0.991767 0.512911
vt 0.991768 0.987089
vt 0.562500 0.000000
vt 0.625000 0.000000
vt 0.625000 0.125000
vt 0.625000 0.250000
vt 0.562500 0.250000
vt 0.625000 0.500000
vt 0.562500 0.500000
vt 0.625000 0.625000
vt 0.625000 0.750000
vt 0.562500 0.750000
vt 0.625000 1.000000
vt 0.562500 1.000000
vt 0.125000 0.625000
vt 0.375000 0.625000
vt 0.375000 0.750000
vt 0.125000 0.750000
vt 0.875000 0.625000
vt 0.875000 0.750000
vt 0.437500 0.750000
vt 0.500000 0.750000
vt 0.500000 1.000000
vt 0.437500 1.000000
vt 0.437500 0.500000
vt 0.500000 0.500000
vt 0.437500 0.250000
vt 0.500000 0.250000
vt 0.437500 0.000000
vt 0.500000 0.000000
vt 0.375000 0.000000
vt 0.375000 0.250000
vt 0.375000 0.125000
vt 0.375000 0.500000
vt 0.375000 1.000000
vt 0.875000 0.500000
vt 0.125000 0.500000
s 0
f 410/677/340 412/679/340 411/678/340
f 413/680/341 415/682/341 414/681/341
f 416/683/342 418/685/342 417/684/342
f 419/686/343 421/688/343 420/687/343
f 422/689/344 424/691/344 423/690/344
f 425/692/345 427/694/345 426/693/345
f 428/695/346 430/697/346 429/696/346
f 431/698/347 433/700/347 432/699/347
f 434/701/348 436/703/348 435/702/348
f 437/704/349 439/706/349 438/705/349
f 440/707/350 442/709/350 441/708/350
f 443/710/351 445/712/351 444/711/351
f 446/713/352 448/715/352 447/714/352
f 449/716/353 451/718/353 450/717/353
f 452/719/354 454/721/354 453/720/354
f 455/722/355 457/724/355 456/723/355
f 458/725/356 460/727/356 459/726/356
f 461/728/357 463/730/357 462/729/357
f 464/731/358 466/733/358 465/732/358
f 467/734/359 469/736/359 468/735/359
f 470/737/360 472/739/360 471/738/360
f 473/740/361 475/742/361 474/741/361
f 476/743/362 478/745/362 477/744/362
f 479/746/363 481/748/363 480/747/363
f 482/749/364 484/751/364 483/750/364
f 485/752/365 487/754/365 486/753/365
f 488/755/366 490/757/366 489/756/366
f 491/758/367 493/760/367 492/759/367
f 494/761/368 496/763/368 495/762/368
f 497/764/369 499/766/369 498/765/369
f 500/767/370 502/769/370 501/768/370
f 503/770/371 505/772/371 504/771/371
f 506/773/372 508/775/372 507/774/372
f 509/776/373 511/778/373 510/777/373
f 512/779/374 514/781/374 513/780/374
f 515/782/375 517/784/375 516/783/375
f 518/785/376 520/787/376 519/786/376
f 521/788/377 523/790/377 522/789/377
f 524/791/378 526/793/378 525/792/378
f 527/794/379 529/796/379 528/795/379
f 530/797/380 532/799/380 531/798/380
f 533/800/381 535/802/381 534/801/381
f 536/803/382 538/805/382 537/804/382
f 539/806/383 541/808/383 540/807/383
f 542/809/384 544/811/384 543/810/384
f 545/812/385 547/814/385 546/813/385
f 548/815/386 550/817/386 549/816/386
f 551/818/387 553/820/387 552/819/387
f 554/821/388 556/823/388 555/822/388
f 557/824/389 559/826/389 558/825/389
f 560/827/390 562/829/390 561/828/390
f 563/830/391 565/832/391 564/831/391
f 566/833/392 568/835/392 567/834/392
f 569/836/393 571/838/393 570/837/393
f 572/839/394 574/841/394 573/840/394
f 575/842/395 577/844/395 576/843/395
f 578/845/396 580/847/396 579/846/396
f 581/848/397 583/850/397 582/849/397
f 584/851/398 586/853/398 585/852/398
f 587/854/399 589/856/399 588/855/399
f 590/857/400 592/859/400 591/858/400
f 593/860/401 595/862/401 594/861/401
f 596/863/402 598/865/402 597/864/402
f 599/866/403 601/868/403 600/867/403
f 412/679/404 410/677/404 416/683/404 417/684/404
f 421/688/405 419/686/405 413/680/405 414/681/405
f 411/869/406 412/872/406 414/871/406 415/870/406
f 420/873/407 421/876/407 417/875/407 418/874/407
f 418/685/408 416/683/408 422/689/408 423/690/408
f 427/694/409 425/692/409 419/686/409 420/687/409
f 426/877/410 427/880/410 423/879/410 424/878/410
f 424/691/411 422/689/411 428/695/411 429/696/411
f 433/700/412 431/698/412 425/692/412 426/693/412
f 432/881/413 433/884/413 429/883/413 430/882/413
f 430/697/414 428/695/414 434/701/414 435/702/414
f 439/706/415 437/704/415 431/698/415 432/699/415
f 438/885/416 439/888/416 435/887/416 436/886/416
f 436/703/417 434/701/417 440/707/417 441/708/417
f 445/712/418 443/710/418 437/704/418 438/705/418
f 444/889/419 445/892/419 441/891/419 442/890/419
f 442/709/420 440/707/420 446/713/420 447/714/420
f 451/718/421 449/716/421 443/710/421 444/711/421
f 450/893/422 451/896/422 447/895/422 448/894/422
f 448/715/423 446/713/423 452/719/423 453/720/423
f 457/724/424 455/722/424 449/716/424 450/717/424
f 456/897/425 457/900/425 453/899/425 454/898/425
f 454/721/426 452/719/426 458/725/426 459/726/426
f 463/730/427 461/728/427 455/722/427 456/723/427
f 462/901/428 463/904/428 459/903/428 460/902/428
f 460/727/429 458/725/429 464/731/429 465/732/429
f 469/736/430 467/734/430 461/728/430 462/729/430
f 468/905/431 469/908/431 465/907/431 466/906/431
f 466/733/432 464/731/432 470/737/432 471/738/432
f 475/742/433 473/740/433 467/734/433 468/735/433
f 474/909/434 475/912/434 471/911/434 472/910/434
f 472/739/435 470/737/435 476/743/435 477/744/435
f 481/748/436 479/746/436 473/740/436 474/741/436
f 480/913/437 481/916/437 477/915/437 478/914/437
f 478/745/438 476/743/438 482/749/438 483/750/438
f 487/754/439 485/752/439 479/746/439 480/747/439
f 486/917/440 487/920/440 483/919/440 484/918/440
f 484/751/441 482/749/441 488/755/441 489/756/441
f 493/760/442 491/758/442 485/752/442 486/753/442
f 492/921/443 493/924/443 489/923/443 490/922/443
f 490/757/444 488/755/444 494/761/444 495/762/444
f 499/766/445 497/764/445 491/758/445 492/759/445
f 498/925/446 499/928/446 495/927/446 496/926/446
f 496/763/447 494/761/447 500/767/447 501/768/447
f 505/772/448 503/770/448 497/764/448 498/765/448
f 504/929/449 505/932/449 501/931/449 502/930/449
f 502/769/450 500/767/450 506/773/450 507/774/450
f 511/778/451 509/776/451 503/770/451 504/771/451
f 510/933/452 511/936/452 507/935/452 508/934/452
f 508/775/453 506/773/453 512/779/453 513/780/453
f 517/784/454 515/782/454 509/776/454 510/777/454
f 516/937/455 517/940/455 513/939/455 514/938/455
f 514/781/456 512/779/456 518/785/456 519/786/456
f 523/790/457 521/788/457 515/782/457 516/783/457
f 522/941/458 523/944/458 519/943/458 520/942/458
f 520/787/459 518/785/459 524/791/459 525/792/459
f 529/796/460 527/794/460 521/788/460 522/789/460
f 528/945/461 529/948/461 525/947/461 526/946/461
f 526/793/462 524/791/462 530/797/462 531/798/462
f 535/802/463 533/800/463 527/794/463 528/795/463
f 534/949/464 535/952/464 531/951/464 532/950/464
f 532/799/465 530/797/465 536/803/465 537/804/465
f 541/808/466 539/806/466 533/800/466 534/801/466
f 540/953/467 541/956/467 537/955/467 538/954/467
f 538/805/468 536/803/468 542/809/468 543/810/468
f 547/814/469 545/812/469 539/806/469 540/807/469
f 546/957/470 547/960/470 543/959/470 544/958/470
f 544/811/471 542/809/471 548/815/471 549/816/471
f 553/820/472 551/818/472 545/812/472 546/813/472
f 552/961/473 553/964/473 549/963/473 550/962/473
f 550/817/474 548/815/474 554/821/474 555/822/474
f 559/826/475 557/824/475 551/818/475 552/819/475
f 558/965/476 559/968/476 555/967/476 556/966/476
f 556/823/477 554/821/477 560/827/477 561/828/477
f 565/832/478 563/830/478 557/824/478 558/825/478
f 564/969/479 565/972/479 561/971/479 562/970/479
f 562/829/480 560/827/480 566/833/480 567/834/480
f 571/838/481 569/836/481 563/830/481 564/831/481
f 570/973/482 571/976/482 567/975/482 568/974/482
f 568/835/483 566/833/483 572/839/483 573/840/483
f 577/844/484 575/842/484 569/836/484 570/837/484
f 576/977/485 577/980/485 573/979/485 574/978/485
f 574/841/486 572/839/486 578/845/486 579/846/486
f 583/850/487 581/848/487 575/842/487 576/843/487
f 582/981/488 583/984/488 579/983/488 580/982/488
f 580/847/489 578/845/489 584/851/489 585/852/489
f 589/856/490 587/854/490 581/848/490 582/849/490
f 588/985/491 589/988/491 585/987/491 586/986/491
f 586/853/492 584/851/492 590/857/492 591/858/492
f 595/862/493 593/860/493 587/854/493 588/855/493
f 594/989/494 595/992/494 591/991/494 592/990/494
f 592/859/495 590/857/495 596/863/495 597/864/495
f 601/868/496 599/866/496 593/860/496 594/861/496
f 600/993/497 601/996/497 597/995/497 598/994/497
f 598/865/498 596/863/498 410/677/498 411/678/498
f 415/682/499 413/680/499 599/866/499 600/867/499
f 410/677/500 596/863/500 590/857/500 584/851/500 578/845/500 572/839/500 566/833/500 560/827/500 554/821/500 548/815/500 542/809/500 536/803/500 530/797/500 524/791/500 518/785/500 512/779/500 506/773/500 500/767/500 494/761/500 488/755/500 482/749/500 476/743/500 470/737/500 464/731/500 458/725/500 452/719/500 446/713/500 440/707/500 434/701/500 428/695/500 422/689/500 416/683/500
f 412/997/501 417/875/501 421/876/501 414/998/501
f 598/994/502 411/869/502 415/870/502 600/993/502
f 419/686/503 425/692/503 431/698/503 437/704/503 443/710/503 449/716/503 455/722/503 461/728/503 467/734/503 473/740/503 479/746/503 485/752/503 491/758/503 497/764/503 503/770/503 509/776/503 515/782/503 521/788/503 527/794/503 533/800/503 539/806/503 545/812/503 551/818/503 557/824/503 563/830/503 569/836/503 575/842/503 581/848/503 587/854/503 593/860/503 599/866/503 413/680/503
f 418/874/504 423/879/504 427/880/504 420/873/504
f 424/878/505 429/883/505 433/884/505 426/877/505
f 430/882/506 435/887/506 439/888/506 432/881/506
f 436/886/507 441/891/507 445/892/507 438/885/507
f 442/890/508 447/895/508 451/896/508 444/889/508
f 448/894/509 453/899/509 457/900/509 450/893/509
f 454/898/510 459/903/510 463/904/510 456/897/510
f 460/902/511 465/907/511 469/908/511 462/901/511
f 466/906/512 471/911/512 475/912/512 468/905/512
f 472/910/513 477/915/513 481/916/513 474/909/513
f 478/914/514 483/919/514 487/920/514 480/913/514
f 484/918/515 489/923/515 493/924/515 486/917/515
f 490/922/516 495/927/516 499/928/516 492/921/516
f 496/926/517 501/931/517 505/932/517 498/925/517
f 502/930/518 507/935/518 511/936/518 504/929/518
f 508/934/519 513/939/519 517/940/519 510/933/519
f 514/938/520 519/943/520 523/944/520 516/937/520
f 520/942/521 525/947/521 529/948/521 522/941/521
f 526/946/522 531/951/522 535/952/522 528/945/522
f 532/950/523 537/955/523 541/956/523 534/949/523
f 538/954/524 543/959/524 547/960/524 540/953/524
f 544/958/525 549/963/525 553/964/525 546/957/525
f 550/962/526 555/967/526 559/968/526 552/961/526
f 556/966/527 561/971/527 565/972/527 558/965/527
f 562/970/528 567/975/528 571/976/528 564/969/528
f 568/974/529 573/979/529 577/980/529 570/973/529
f 574/978/530 579/983/530 583/984/530 576/977/530
f 580/982/531 585/987/531 589/988/531 582/981/531
f 586/986/532 591/991/532 595/992/532 588/985/532
f 592/990/533 597/995/533 601/996/533 594/989/533
f 614/999/534 619/1003/534 605/1002/534 622/1001/534 603/1000/534
f 619/1003/535 620/1005/535 609/1004/535 605/1002/535
f 620/1005/536 621/1008/536 607/1007/536 623/1006/536 609/1004/536
f 621/1008/537 614/1010/537 603/1009/537 607/1007/537
f 624/1011/538 602/1014/538 606/1013/538 625/1012/538
f 623/1006/539 607/1007/539 603/1016/539 622/1015/539
f 617/1017/540 618/1020/540 610/1019/540 613/1018/540
f 616/1021/541 617/1017/541 613/1018/541 612/1022/541
f 615/1023/542 616/1021/542 612/1022/542 611/1024/542
f 618/1025/543 615/1023/543 611/1024/543 610/1026/543
f 602/1027/544 624/1029/544 604/1028/544 615/1023/544 618/1025/544
f 604/1028/545 608/1030/545 616/1021/545 615/1023/545
f 608/1030/546 625/1012/546 606/1013/546 617/1017/546 616/1021/546
f 606/1013/547 602/1031/547 618/1020/547 617/1017/547
f 613/1018/548 610/1019/548 614/1010/548 621/1008/548
f 612/1022/549 613/1018/549 621/1008/549 620/1005/549
f 611/1024/550 612/1022/550 620/1005/550 619/1003/550
f 610/1026/551 611/1024/551 619/1003/551 614/999/551
f 609/1004/552 623/1006/552 622/1015/552 605/1032/552
f 604/1033/553 624/1011/553 625/1012/553 608/1030/553
f 626/677/554 628/679/554 627/678/554
f 629/680/555 631/682/555 630/681/555
f 632/683/556 634/685/556 633/684/556
f 635/686/557 637/688/557 636/687/557
f 638/689/558 640/691/558 639/690/558
f 641/692/559 643/694/559 642/693/559
f 644/695/560 646/697/560 645/696/560
f 647/698/561 649/700/561 648/699/561
f 650/701/562 652/703/562 651/702/562
f 653/704/563 655/706/563 654/705/563
f 656/707/564 658/709/564 657/708/564
f 659/710/565 661/712/565 660/711/565
f 662/713/566 664/715/566 663/714/566
f 665/716/567 667/718/567 666/717/567
f 668/719/568 670/721/568 669/720/568
f 671/722/569 673/724/569 672/723/569
f 674/725/570 676/727/570 675/726/570
f 677/728/571 679/730/571 678/729/571
f 680/731/572 682/733/572 681/732/572
f 683/734/573 685/736/573 684/735/573
f 686/737/574 688/739/574 687/738/574
f 689/740/575 691/742/575 690/741/575
f 692/743/576 694/745/576 693/744/576
f 695/746/577 697/748/577 696/747/577
f 698/749/578 700/751/578 699/750/578
f 701/752/579 703/754/579 702/753/579
f 704/755/580 706/757/580 705/756/580
f 707/758/581 709/760/581 708/759/581
f 710/761/582 712/763/582 711/762/582
f 713/764/583 715/766/583 714/765/583
f 716/767/584 718/769/584 717/768/584
f 719/770/585 721/772/585 720/771/585
f 722/773/586 724/775/586 723/774/586
f 725/776/587 727/778/587 726/777/587
f 728/779/588 730/781/588 729/780/588
f 731/782/589 733/784/589 732/783/589
f 734/785/590 736/787/590 735/786/590
f 737/788/591 739/790/591 738/789/591
f 740/791/592 742/793/592 741/792/592
f 743/794/593 745/796/593 744/795/593
f 746/797/594 748/799/594 747/798/594
f 749/800/595 751/802/595 750/801/595
f 752/803/596 754/805/596 753/804/596
f 755/806/597 757/808/597 756/807/597
f 758/809/598 760/811/598 759/810/598
f 761/812/599 763/814/599 762/813/599
f 764/815/600 766/817/600 765/816/600
f 767/818/601 769/820/601 768/819/601
f 770/821/602 772/823/602 771/822/602
f 773/824/603 775/826/603 774/825/603
f 776/827/604 778/829/604 777/828/604
f 779/830/605 781/832/605 780/831/605
f 782/833/606 784/835/606 783/834/606
f 785/836/607 787/838/607 786/837/607
f 788/839/608 790/841/608 789/840/608
f 791/842/609 793/844/609 792/843/609
f 794/845/610 796/847/610 795/846/610
f 797/848/611 799/850/611 798/849/611
f 800/851/612 802/853/612 801/852/612
f 803/854/613 805/856/613 804/855/613
f 806/857/614 808/859/614 807/858/614
f 809/860/615 811/862/615 810/861/615
f 812/863/616 814/865/616 813/864/616
f 815/866/617 817/868/617 816/867/617
f 628/679/618 626/677/618 632/683/618 633/684/618
f 637/688/619 635/686/619 629/680/619 630/681/619
f 627/869/406 628/872/406 630/871/406 631/870/406
f 636/873/407 637/876/407 633/875/407 634/874/407
f 634/685/620 632/683/620 638/689/620 639/690/620
f 643/694/621 641/692/621 635/686/621 636/687/621
f 642/877/410 643/880/410 639/879/410 640/878/410
f 640/691/622 638/689/622 644/695/622 645/696/622
f 649/700/623 647/698/623 641/692/623 642/693/623
f 648/881/413 649/884/413 645/883/413 646/882/413
f 646/697/624 644/695/624 650/701/624 651/702/624
f 655/706/625 653/704/625 647/698/625 648/699/625
f 654/885/416 655/888/416 651/887/416 652/886/416
f 652/703/626 650/701/626 656/707/626 657/708/626
f 661/712/627 659/710/627 653/704/627 654/705/627
f 660/889/419 661/892/419 657/891/419 658/890/419
f 658/709/628 656/707/628 662/713/628 663/714/628
f 667/718/629 665/716/629 659/710/629 660/711/629
f 666/893/422 667/896/422 663/895/422 664/894/422
f 664/715/630 662/713/630 668/719/630 669/720/630
f 673/724/631 671/722/631 665/716/631 666/717/631
f 672/897/425 673/900/425 669/899/425 670/898/425
f 670/721/632 668/719/632 674/725/632 675/726/632
f 679/730/633 677/728/633 671/722/633 672/723/633
f 678/901/428 679/904/428 675/903/428 676/902/428
f 676/727/634 674/725/634 680/731/634 681/732/634
f 685/736/635 683/734/635 677/728/635 678/729/635
f 684/905/431 685/908/431 681/907/431 682/906/431
f 682/733/636 680/731/636 686/737/636 687/738/636
f 691/742/637 689/740/637 683/734/637 684/735/637
f 690/909/434 691/912/434 687/911/434 688/910/434
f 688/739/638 686/737/638 692/743/638 693/744/638
f 697/748/639 695/746/639 689/740/639 690/741/639
f 696/913/437 697/916/437 693/915/437 694/914/437
f 694/745/640 692/743/640 698/749/640 699/750/640
f 703/754/641 701/752/641 695/746/641 696/747/641
f 702/917/440 703/920/440 699/919/440 700/918/440
f 700/751/642 698/749/642 704/755/642 705/756/642
f 709/760/643 707/758/643 701/752/643 702/753/643
f 708/921/443 709/924/443 705/923/443 706/922/443
f 706/757/644 704/755/644 710/761/644 711/762/644
f 715/766/645 713/764/645 707/758/645 708/759/645
f 714/925/446 715/928/446 711/927/446 712/926/446
f 712/763/646 710/761/646 716/767/646 717/768/646
f 721/772/647 719/770/647 713/764/647 714/765/647
f 720/929/449 721/932/449 717/931/449 718/930/449
f 718/769/648 716/767/648 722/773/648 723/774/648
f 727/778/649 725/776/649 719/770/649 720/771/649
f 726/933/452 727/936/452 723/935/452 724/934/452
f 724/775/650 722/773/650 728/779/650 729/780/650
f 733/784/651 731/782/651 725/776/651 726/777/651
f 732/937/455 733/940/455 729/939/455 730/938/455
f 730/781/652 728/779/652 734/785/652 735/786/652
f 739/790/653 737/788/653 731/782/653 732/783/653
f 738/941/458 739/944/458 735/943/458 736/942/458
f 736/787/654 734/785/654 740/791/654 741/792/654
f 745/796/655 743/794/655 737/788/655 738/789/655
f 744/945/461 745/948/461 741/947/461 742/946/461
f 742/793/656 740/791/656 746/797/656 747/798/656
f 751/802/657 749/800/657 743/794/657 744/795/657
f 750/949/464 751/952/464 747/951/464 748/950/464
f 748/799/658 746/797/658 752/803/658 753/804/658
f 757/808/659 755/806/659 749/800/659 750/801/659
f 756/953/467 757/956/467 753/955/467 754/954/467
f 754/805/660 752/803/660 758/809/660 759/810/660
f 763/814/661 761/812/661 755/806/661 756/807/661
f 762/957/470 763/960/470 759/959/470 760/958/470
f 760/811/662 758/809/662 764/815/662 765/816/662
f 769/820/663 767/818/663 761/812/663 762/813/663
f 768/961/473 769/964/473 765/963/473 766/962/473
f 766/817/664 764/815/664 770/821/664 771/822/664
f 775/826/665 773/824/665 767/818/665 768/819/665
f 774/965/476 775/968/476 771/967/476 772/966/476
f 772/823/666 770/821/666 776/827/666 777/828/666
f 781/832/667 779/830/667 773/824/667 774/825/667
f 780/969/479 781/972/479 777/971/479 778/970/479
f 778/829/668 776/827/668 782/833/668 783/834/668
f 787/838/669 785/836/669 779/830/669 780/831/669
f 786/973/482 787/976/482 783/975/482 784/974/482
f 784/835/670 782/833/670 788/839/670 789/840/670
f 793/844/671 791/842/671 785/836/671 786/837/671
f 792/977/485 793/980/485 789/979/485 790/978/485
f 790/841/672 788/839/672 794/845/672 795/846/672
f 799/850/673 797/848/673 791/842/673 792/843/673
f 798/981/488 799/984/488 795/983/488 796/982/488
f 796/847/674 794/845/674 800/851/674 801/852/674
f 805/856/675 803/854/675 797/848/675 798/849/675
f 804/985/491 805/988/491 801/987/491 802/986/491
f 802/853/676 800/851/676 806/857/676 807/858/676
f 811/862/677 809/860/677 803/854/677 804/855/677
f 810/989/494 811/992/494 807/991/494 808/990/494
f 808/859/678 806/857/678 812/863/678 813/864/678
f 817/868/679 815/866/679 809/860/679 810/861/679
f 816/993/497 817/996/497 813/995/497 814/994/497
f 814/865/680 812/863/680 626/677/680 627/678/680
f 631/682/681 629/680/681 815/866/681 816/867/681
f 626/677/500 812/863/500 806/857/500 800/851/500 794/845/500 788/839/500 782/833/500 776/827/500 770/821/500 764/815/500 758/809/500 752/803/500 746/797/500 740/791/500 734/785/500 728/779/500 722/773/500 716/767/500 710/761/500 704/755/500 698/749/500 692/743/500 686/737/500 680/731/500 674/725/500 668/719/500 662/713/500 656/707/500 650/701/500 644/695/500 638/689/500 632/683/500
f 628/997/501 633/875/501 637/876/501 630/998/501
f 814/994/502 627/869/502 631/870/502 816/993/502
f 635/686/503 641/692/503 647/698/503 653/704/503 659/710/503 665/716/503 671/722/503 677/728/503 683/734/503 689/740/503 695/746/503 701/752/503 707/758/503 713/764/503 719/770/503 725/776/503 731/782/503 737/788/503 743/794/503 749/800/503 755/806/503 761/812/503 767/818/503 773/824/503 779/830/503 785/836/503 791/842/503 797/848/503 803/854/503 809/860/503 815/866/503 629/680/503
f 634/874/504 639/879/504 643/880/504 636/873/504
f 640/878/505 645/883/505 649/884/505 642/877/505
f 646/882/506 651/887/506 655/888/506 648/881/506
f 652/886/507 657/891/507 661/892/507 654/885/507
f 658/890/508 663/895/508 667/896/508 660/889/508
f 664/894/509 669/899/509 673/900/509 666/893/509
f 670/898/510 675/903/510 679/904/510 672/897/510
f 676/902/511 681/907/511 685/908/511 678/901/511
f 682/906/512 687/911/512 691/912/512 684/905/512
f 688/910/513 693/915/513 697/916/513 690/909/513
f 694/914/514 699/919/514 703/920/514 696/913/514
f 700/918/515 705/923/515 709/924/515 702/917/515
f 706/922/516 711/927/516 715/928/516 708/921/516
f 712/926/517 717/931/517 721/932/517 714/925/517
f 718/930/518 723/935/518 727/936/518 720/929/518
f 724/934/519 729/939/519 733/940/519 726/933/519
f 730/938/520 735/943/520 739/944/520 732/937/520
f 736/942/521 741/947/521 745/948/521 738/941/521
f 742/946/522 747/951/522 751/952/522 744/945/522
f 748/950/523 753/955/523 757/956/523 750/949/523
f 754/954/524 759/959/524 763/960/524 756/953/524
f 760/958/525 765/963/525 769/964/525 762/957/525
f 766/962/526 771/967/526 775/968/526 768/961/526
f 772/966/527 777/971/527 781/972/527 774/965/527
f 778/970/528 783/975/528 787/976/528 780/969/528
f 784/974/529 789/979/529 793/980/529 786/973/529
f 790/978/530 795/983/530 799/984/530 792/977/530
f 796/982/531 801/987/531 805/988/531 798/981/531
f 802/986/532 807/991/532 811/992/532 804/985/532
f 808/990/533 813/995/533 817/996/533 810/989/533
